make[1]: Entering directory '/root/xaga_kernel/kernel/xiaomi/android_kernel_xiaomi_mt6895/out'
  GEN     Makefile
  WRAP    arch/arm64/include/generated/uapi/asm/kvm_para.h
  WRAP    arch/arm64/include/generated/uapi/asm/errno.h
  WRAP    arch/arm64/include/generated/uapi/asm/ioctl.h
  WRAP    arch/arm64/include/generated/uapi/asm/ioctls.h
  WRAP    arch/arm64/include/generated/uapi/asm/ipcbuf.h
  WRAP    arch/arm64/include/generated/uapi/asm/msgbuf.h
  WRAP    arch/arm64/include/generated/uapi/asm/poll.h
  WRAP    arch/arm64/include/generated/uapi/asm/resource.h
  WRAP    arch/arm64/include/generated/uapi/asm/sembuf.h
  WRAP    arch/arm64/include/generated/uapi/asm/shmbuf.h
  WRAP    arch/arm64/include/generated/uapi/asm/siginfo.h
  WRAP    arch/arm64/include/generated/uapi/asm/socket.h
  WRAP    arch/arm64/include/generated/uapi/asm/sockios.h
  WRAP    arch/arm64/include/generated/uapi/asm/stat.h
  WRAP    arch/arm64/include/generated/uapi/asm/swab.h
  WRAP    arch/arm64/include/generated/uapi/asm/termbits.h
  WRAP    arch/arm64/include/generated/uapi/asm/termios.h
  WRAP    arch/arm64/include/generated/uapi/asm/types.h
  HOSTCC  scripts/dtc/dtc.o
  HOSTCC  scripts/dtc/flattree.o
  HOSTCC  scripts/dtc/fstree.o
  HOSTCC  scripts/dtc/data.o
  HOSTCC  scripts/dtc/livetree.o
  HOSTCC  scripts/dtc/treesource.o
  HOSTCC  scripts/dtc/srcpos.o
  UPD     include/config/kernel.release
  HOSTCC  scripts/dtc/checks.o
  HOSTCC  scripts/dtc/util.o
  LEX     scripts/dtc/dtc-lexer.lex.c
  YACC    scripts/dtc/dtc-parser.tab.[ch]
  HOSTCC  scripts/dtc/dtc-lexer.lex.o
  HOSTCC  scripts/dtc/dtc-parser.tab.o
  WRAP    arch/arm64/include/generated/asm/early_ioremap.h
  WRAP    arch/arm64/include/generated/asm/qrwlock.h
  WRAP    arch/arm64/include/generated/asm/mcs_spinlock.h
  WRAP    arch/arm64/include/generated/asm/qspinlock.h
  WRAP    arch/arm64/include/generated/asm/set_memory.h
  WRAP    arch/arm64/include/generated/asm/bugs.h
  WRAP    arch/arm64/include/generated/asm/delay.h
  WRAP    arch/arm64/include/generated/asm/div64.h
  WRAP    arch/arm64/include/generated/asm/user.h
  WRAP    arch/arm64/include/generated/asm/dma-mapping.h
  WRAP    arch/arm64/include/generated/asm/emergency-restart.h
  WRAP    arch/arm64/include/generated/asm/dma.h
  WRAP    arch/arm64/include/generated/asm/hw_irq.h
  WRAP    arch/arm64/include/generated/asm/irq_regs.h
  WRAP    arch/arm64/include/generated/asm/kdebug.h
  WRAP    arch/arm64/include/generated/asm/kmap_types.h
  WRAP    arch/arm64/include/generated/asm/local.h
  WRAP    arch/arm64/include/generated/asm/local64.h
  WRAP    arch/arm64/include/generated/asm/mmiowb.h
  WRAP    arch/arm64/include/generated/asm/mm-arch-hooks.h
  WRAP    arch/arm64/include/generated/asm/msi.h
  WRAP    arch/arm64/include/generated/asm/serial.h
  WRAP    arch/arm64/include/generated/asm/switch_to.h
  WRAP    arch/arm64/include/generated/asm/trace_clock.h
  WRAP    arch/arm64/include/generated/asm/unaligned.h
  WRAP    arch/arm64/include/generated/asm/vga.h
  UPD     include/generated/uapi/linux/version.h
  UPD     include/generated/utsrelease.h
  HOSTLD  scripts/dtc/dtc
  HOSTCC  scripts/unifdef
  HOSTCC  scripts/kallsyms
  HOSTCC  scripts/genksyms/genksyms.o
  YACC    scripts/genksyms/parse.tab.[ch]
  LEX     scripts/genksyms/lex.lex.c
  HOSTCC  scripts/sorttable
  HOSTCC  scripts/selinux/genheaders/genheaders
  HOSTCC  scripts/selinux/mdp/mdp
  HOSTCC  scripts/asn1_compiler
  HOSTCC  scripts/genksyms/parse.tab.o
  DTC     arch/arm64/boot/dts/allwinner/sun50i-a64-amarula-relic.dtb
  DTC     arch/arm64/boot/dts/allwinner/sun50i-a64-bananapi-m64.dtb
  DTC     arch/arm64/boot/dts/allwinner/sun50i-a64-nanopi-a64.dtb
  DTC     arch/arm64/boot/dts/allwinner/sun50i-a64-oceanic-5205-5inmfd.dtb
  HOSTCC  scripts/genksyms/lex.lex.o
  HOSTCC  scripts/extract-cert
  DTC     arch/arm64/boot/dts/allwinner/sun50i-a64-olinuxino.dtb
  DTC     arch/arm64/boot/dts/allwinner/sun50i-a64-olinuxino-emmc.dtb
  DTC     arch/arm64/boot/dts/allwinner/sun50i-a64-orangepi-win.dtb
  DTC     arch/arm64/boot/dts/allwinner/sun50i-a64-pine64-lts.dtb
  DTC     arch/arm64/boot/dts/allwinner/sun50i-a64-pine64-plus.dtb
  DTC     arch/arm64/boot/dts/allwinner/sun50i-a64-pine64.dtb
  DTC     arch/arm64/boot/dts/allwinner/sun50i-a64-pinebook.dtb
  DTC     arch/arm64/boot/dts/allwinner/sun50i-a64-pinephone-1.0.dtb
  HDRINST usr/include/asm-generic/termbits.h
  HDRINST usr/include/asm-generic/poll.h
  HDRINST usr/include/asm-generic/bpf_perf_event.h
  HDRINST usr/include/asm-generic/auxvec.h
  HDRINST usr/include/asm-generic/stat.h
  HDRINST usr/include/asm-generic/ucontext.h
  HDRINST usr/include/asm-generic/swab.h
  HDRINST usr/include/asm-generic/fcntl.h
  HDRINST usr/include/asm-generic/bitsperlong.h
  HDRINST usr/include/asm-generic/sembuf.h
  DTC     arch/arm64/boot/dts/allwinner/sun50i-a64-pinephone-1.1.dtb
  HDRINST usr/include/asm-generic/socket.h
  HDRINST usr/include/asm-generic/ioctl.h
  HDRINST usr/include/asm-generic/kvm_para.h
  HDRINST usr/include/asm-generic/errno.h
  HDRINST usr/include/asm-generic/mman-common.h
  HDRINST usr/include/asm-generic/types.h
  HDRINST usr/include/asm-generic/mman.h
  HDRINST usr/include/asm-generic/shmbuf.h
  DTC     arch/arm64/boot/dts/allwinner/sun50i-a64-pinephone-1.2.dtb
  HDRINST usr/include/asm-generic/signal-defs.h
  DTC     arch/arm64/boot/dts/allwinner/sun50i-a64-pinetab.dtb
  HOSTLD  scripts/genksyms/genksyms
  DTC     arch/arm64/boot/dts/allwinner/sun50i-a64-sopine-baseboard.dtb
  HDRINST usr/include/asm-generic/msgbuf.h
  HDRINST usr/include/asm-generic/ioctls.h
  HDRINST usr/include/asm-generic/ipcbuf.h
  HDRINST usr/include/asm-generic/hugetlb_encode.h
  DTC     arch/arm64/boot/dts/allwinner/sun50i-a64-teres-i.dtb
  DTC     arch/arm64/boot/dts/allwinner/sun50i-a100-allwinner-perf1.dtb
  HDRINST usr/include/asm-generic/statfs.h
  HDRINST usr/include/asm-generic/siginfo.h
  HDRINST usr/include/asm-generic/posix_types.h
  HDRINST usr/include/asm-generic/termios.h
  HDRINST usr/include/asm-generic/resource.h
  HDRINST usr/include/asm-generic/unistd.h
  HDRINST usr/include/asm-generic/setup.h
  HDRINST usr/include/asm-generic/param.h
  HDRINST usr/include/asm-generic/errno-base.h
  HDRINST usr/include/asm-generic/signal.h
  HDRINST usr/include/asm-generic/sockios.h
  HDRINST usr/include/asm-generic/int-l64.h
  DTC     arch/arm64/boot/dts/allwinner/sun50i-h5-bananapi-m2-plus.dtb
  HDRINST usr/include/asm-generic/int-ll64.h
  DTC     arch/arm64/boot/dts/hisilicon/hi3660-hikey960.dtb
  HDRINST usr/include/drm/lima_drm.h
  DTC     arch/arm64/boot/dts/hisilicon/hi3670-hikey970.dtb
  DTC     arch/arm64/boot/dts/hisilicon/hi3798cv200-poplar.dtb
  HDRINST usr/include/drm/radeon_drm.h
  HDRINST usr/include/drm/vc4_drm.h
  HDRINST usr/include/drm/drm.h
  HDRINST usr/include/drm/mi_disp.h
  HDRINST usr/include/drm/qxl_drm.h
  DTC     arch/arm64/boot/dts/allwinner/sun50i-h5-bananapi-m2-plus-v1.2.dtb
  HDRINST usr/include/drm/mga_drm.h
  HDRINST usr/include/drm/armada_drm.h
  DTC     arch/arm64/boot/dts/allwinner/sun50i-h5-emlid-neutis-n5-devboard.dtb
  HDRINST usr/include/drm/msm_drm.h
  HDRINST usr/include/drm/sis_drm.h
  HDRINST usr/include/drm/drm_fourcc.h
  HDRINST usr/include/drm/virtgpu_drm.h
  DTC     arch/arm64/boot/dts/hisilicon/hi6220-hikey.dtb
  HDRINST usr/include/drm/exynos_drm.h
  HDRINST usr/include/drm/panfrost_drm.h
  DTC     arch/arm64/boot/dts/allwinner/sun50i-h5-libretech-all-h3-cc.dtb
  DTC     arch/arm64/boot/dts/allwinner/sun50i-h5-libretech-all-h3-it.dtb
  HDRINST usr/include/drm/via_drm.h
  DTC     arch/arm64/boot/dts/allwinner/sun50i-h5-libretech-all-h5-cc.dtb
  HDRINST usr/include/drm/drm_sarea.h
  HDRINST usr/include/drm/tegra_drm.h
  DTC     arch/arm64/boot/dts/hisilicon/hip05-d02.dtb
  HDRINST usr/include/drm/i915_drm.h
  DTC     arch/arm64/boot/dts/allwinner/sun50i-h5-nanopi-neo2.dtb
  HDRINST usr/include/drm/vmwgfx_drm.h
  DTC     arch/arm64/boot/dts/allwinner/sun50i-h5-nanopi-neo-plus2.dtb
  HDRINST usr/include/drm/savage_drm.h
  HDRINST usr/include/drm/v3d_drm.h
  HDRINST usr/include/drm/nouveau_drm.h
  HDRINST usr/include/drm/etnaviv_drm.h
  DTC     arch/arm64/boot/dts/allwinner/sun50i-h5-orangepi-pc2.dtb
  DTC     arch/arm64/boot/dts/allwinner/sun50i-h5-orangepi-prime.dtb
  HDRINST usr/include/drm/r128_drm.h
  HDRINST usr/include/drm/omap_drm.h
  DTC     arch/arm64/boot/dts/allwinner/sun50i-h5-orangepi-zero-plus.dtb
  HDRINST usr/include/drm/i810_drm.h
  HDRINST usr/include/drm/mediatek_drm.h
  HDRINST usr/include/drm/amdgpu_drm.h
  HDRINST usr/include/drm/drm_mode.h
  DTC     arch/arm64/boot/dts/hisilicon/hip06-d03.dtb
  DTC     arch/arm64/boot/dts/allwinner/sun50i-h5-orangepi-zero-plus2.dtb
  DTC     arch/arm64/boot/dts/allwinner/sun50i-h6-beelink-gs1.dtb
  HDRINST usr/include/drm/vgem_drm.h
  HDRINST usr/include/linux/usbip.h
  HDRINST usr/include/linux/dcbnl.h
  HDRINST usr/include/linux/media.h
  DTC     arch/arm64/boot/dts/hisilicon/hip07-d05.dtb
  HDRINST usr/include/linux/blkzoned.h
  HDRINST usr/include/linux/blktrace_api.h
  HDRINST usr/include/linux/ndctl.h
  HDRINST usr/include/linux/virtio_blk.h
  HDRINST usr/include/linux/seg6_genl.h
  HDRINST usr/include/linux/rds.h
  DTC     arch/arm64/boot/dts/qcom/apq8016-sbc.dtb
  DTC     arch/arm64/boot/dts/qcom/apq8096-db820c.dtb
  HDRINST usr/include/linux/nfs4_mount.h
  HDRINST usr/include/linux/mount.h
  HDRINST usr/include/linux/fb.h
  DTC     arch/arm64/boot/dts/allwinner/sun50i-h6-orangepi-3.dtb
  HDRINST usr/include/linux/kernel-page-flags.h
  HDRINST usr/include/linux/if_fc.h
  DTC     arch/arm64/boot/dts/allwinner/sun50i-h6-orangepi-lite2.dtb
  HDRINST usr/include/linux/dma-heap.h
  HDRINST usr/include/linux/tls.h
  HDRINST usr/include/linux/isdn/capicmd.h
  HDRINST usr/include/linux/msg.h
  HDRINST usr/include/linux/sysinfo.h
  HDRINST usr/include/linux/vbox_err.h
  HDRINST usr/include/linux/mii.h
  DTC     arch/arm64/boot/dts/qcom/apq8096-ifc6640.dtb
  HDRINST usr/include/linux/iommu.h
  HDRINST usr/include/linux/sock_diag.h
  HDRINST usr/include/linux/input.h
  HDRINST usr/include/linux/elf-fdpic.h
  HDRINST usr/include/linux/poll.h
  HDRINST usr/include/linux/atmclip.h
  DTC     arch/arm64/boot/dts/qcom/ipq6018-cp01-c1.dtb
  HDRINST usr/include/linux/thermal.h
  HDRINST usr/include/linux/matroxfb.h
  DTC     arch/arm64/boot/dts/sprd/sc9836-openphone.dtb
  HDRINST usr/include/linux/vhost.h
  HDRINST usr/include/linux/bpf_perf_event.h
  HDRINST usr/include/linux/net_namespace.h
  HDRINST usr/include/linux/vfio.h
  DTC     arch/arm64/boot/dts/allwinner/sun50i-h6-orangepi-one-plus.dtb
  HDRINST usr/include/linux/virtio_config.h
  HDRINST usr/include/linux/dqblk_xfs.h
  DTC     arch/arm64/boot/dts/allwinner/sun50i-h6-pine-h64.dtb
  HDRINST usr/include/linux/lp.h
  DTC     arch/arm64/boot/dts/qcom/ipq8074-hk01.dtb
  HDRINST usr/include/linux/module.h
  CC      scripts/mod/empty.o
  HDRINST usr/include/linux/xfrm.h
  HDRINST usr/include/linux/wireguard.h
  HDRINST usr/include/linux/incrementalfs.h
  HDRINST usr/include/linux/tcp_metrics.h
  HDRINST usr/include/linux/v4l2-dv-timings.h
  HDRINST usr/include/linux/falloc.h
  DTC     arch/arm64/boot/dts/qcom/msm8916-longcheer-l8150.dtb
  DTC     arch/arm64/boot/dts/sprd/sp9860g-1h10.dtb
  DTC     arch/arm64/boot/dts/sprd/sp9863a-1h10.dtb
  HDRINST usr/include/linux/mdio.h
  HDRINST usr/include/linux/zorro_ids.h
  HDRINST usr/include/linux/memfd.h
  DTC     arch/arm64/boot/dts/allwinner/sun50i-h6-pine-h64-model-b.dtb
  HOSTCC  scripts/mod/mk_elfconfig
  HDRINST usr/include/linux/kdev_t.h
  HDRINST usr/include/linux/auxvec.h
  DTC     arch/arm64/boot/dts/qcom/msm8916-mtp.dtb
  HDRINST usr/include/linux/qemu_fw_cfg.h
  HDRINST usr/include/linux/ppdev.h
  HDRINST usr/include/linux/times.h
  HDRINST usr/include/linux/taskstats.h
  HDRINST usr/include/linux/raw.h
  HDRINST usr/include/linux/sunrpc/debug.h
  DTC     arch/arm64/boot/dts/qcom/msm8916-samsung-a3u-eur.dtb
  HDRINST usr/include/linux/if_macsec.h
  HDRINST usr/include/linux/userfaultfd.h
  DTC     arch/arm64/boot/dts/qcom/msm8916-samsung-a5u-eur.dtb
  HDRINST usr/include/linux/bcm933xx_hcs.h
  HDRINST usr/include/linux/remoteproc_cdev.h
  HDRINST usr/include/linux/phonet.h
  HDRINST usr/include/linux/if_link.h
  CC      scripts/mod/devicetable-offsets.s
  HDRINST usr/include/linux/ip_vs.h
  DTC     arch/arm64/boot/dts/allwinner/sun50i-h6-tanix-tx6.dtb
  HDRINST usr/include/linux/firewire-constants.h
  HDRINST usr/include/linux/pktcdvd.h
  HDRINST usr/include/linux/neighbour.h
  HDRINST usr/include/linux/binfmts.h
  DTC     arch/arm64/boot/dts/qcom/msm8992-bullhead-rev-101.dtb
  HDRINST usr/include/linux/kernel.h
  HDRINST usr/include/linux/aspeed-lpc-ctrl.h
  HDRINST usr/include/linux/omap3isp.h
  HDRINST usr/include/linux/spi/spidev.h
  DTC     arch/arm64/boot/dts/qcom/msm8992-msft-lumia-talkman.dtb
  HDRINST usr/include/linux/tc_ematch/tc_em_text.h
  HDRINST usr/include/linux/tc_ematch/tc_em_cmp.h
  HDRINST usr/include/linux/tc_ematch/tc_em_meta.h
  HDRINST usr/include/linux/tc_ematch/tc_em_ipt.h
  HDRINST usr/include/linux/tc_ematch/tc_em_nbyte.h
  HDRINST usr/include/linux/caif/caif_socket.h
  DTC     arch/arm64/boot/dts/qcom/msm8992-xiaomi-libra.dtb
  HDRINST usr/include/linux/caif/if_caif.h
  HDRINST usr/include/linux/capability.h
  HDRINST usr/include/linux/virtio_rng.h
  HDRINST usr/include/linux/can.h
  HDRINST usr/include/linux/sonet.h
  DTC     arch/arm64/boot/dts/qcom/msm8994-angler-rev-101.dtb
  DTC     arch/arm64/boot/dts/qcom/msm8994-sony-xperia-kitakami-sumire.dtb
  HDRINST usr/include/linux/virtio_scsi.h
  HDRINST usr/include/linux/um_timetravel.h
  HDRINST usr/include/linux/limits.h
  HDRINST usr/include/linux/timex.h
  MKELF   scripts/mod/elfconfig.h
  DTC     arch/arm64/boot/dts/qcom/msm8996-mtp.dtb
  HDRINST usr/include/linux/virtio_balloon.h
  HDRINST usr/include/linux/atm_idt77105.h
  HDRINST usr/include/linux/can/raw.h
  HDRINST usr/include/linux/can/vxcan.h
  HDRINST usr/include/linux/can/netlink.h
  HDRINST usr/include/linux/can/j1939.h
  DTC     arch/arm64/boot/dts/qcom/msm8998-asus-novago-tp370ql.dtb
  HDRINST usr/include/linux/can/isotp.h
  HDRINST usr/include/linux/can/gw.h
  HDRINST usr/include/linux/can/bcm.h
  HDRINST usr/include/linux/can/error.h
  DTC     arch/arm64/boot/dts/qcom/msm8998-hp-envy-x2.dtb
  DTC     arch/arm64/boot/dts/qcom/msm8998-lenovo-miix-630.dtb
  HDRINST usr/include/linux/rpmsg.h
  HDRINST usr/include/linux/zorro.h
  HDRINST usr/include/linux/connector.h
  DTC     arch/arm64/boot/dts/qcom/msm8998-mtp.dtb
  DTC     arch/arm64/boot/dts/qcom/qcs404-evb-1000.dtb
  HDRINST usr/include/linux/route.h
  HOSTCC  scripts/mod/modpost.o
  HDRINST usr/include/linux/gen_stats.h
  HDRINST usr/include/linux/adfs_fs.h
  HDRINST usr/include/linux/tipc_config.h
  HDRINST usr/include/linux/genwqe/genwqe_card.h
  HDRINST usr/include/linux/hdlc/ioctl.h
  HDRINST usr/include/linux/nexthop.h
  DTC     arch/arm64/boot/dts/qcom/qcs404-evb-4000.dtb
  HDRINST usr/include/linux/reiserfs_fs.h
  HDRINST usr/include/linux/in_route.h
  HDRINST usr/include/linux/stat.h
  HDRINST usr/include/linux/atmapi.h
  DTC     arch/arm64/boot/dts/qcom/qrb5165-rb5.dtb
  HDRINST usr/include/linux/raid/md_u.h
  HDRINST usr/include/linux/raid/md_p.h
  DTC     arch/arm64/boot/dts/qcom/sc7180-idp.dtb
  HDRINST usr/include/linux/idxd.h
  DTC     arch/arm64/boot/dts/qcom/sc7180-trogdor-lazor-r0.dtb
  HDRINST usr/include/linux/nvme_ioctl.h
  DTC     arch/arm64/boot/dts/qcom/sc7180-trogdor-lazor-r1.dtb
  HDRINST usr/include/linux/inet_diag.h
  HDRINST usr/include/linux/xattr.h
  UPD     scripts/mod/devicetable-offsets.h
  HDRINST usr/include/linux/tee.h
  HDRINST usr/include/linux/mptcp.h
  HDRINST usr/include/linux/mroute.h
  HOSTCC  scripts/mod/sumversion.o
  HDRINST usr/include/linux/suspend_ioctls.h
  HDRINST usr/include/linux/atmmpc.h
  HDRINST usr/include/linux/nfs_idmap.h
  HDRINST usr/include/linux/msdos_fs.h
  HDRINST usr/include/linux/keyboard.h
  HDRINST usr/include/linux/ncsi.h
  DTC     arch/arm64/boot/dts/qcom/sc7180-trogdor-lazor-r1-kb.dtb
  HDRINST usr/include/linux/if_infiniband.h
  HDRINST usr/include/linux/loop.h
  HDRINST usr/include/linux/dma-buf.h
  DTC     arch/arm64/boot/dts/qcom/sc7180-trogdor-lazor-r1-lte.dtb
  HDRINST usr/include/linux/netfilter/xt_rateest.h
  HDRINST usr/include/linux/netfilter/nfnetlink_compat.h
  HDRINST usr/include/linux/netfilter/xt_multiport.h
  HDRINST usr/include/linux/netfilter/nfnetlink_log.h
  DTC     arch/arm64/boot/dts/qcom/sc7180-trogdor-r1.dtb
  HDRINST usr/include/linux/netfilter/ipset/ip_set_hash.h
  DTC     arch/arm64/boot/dts/qcom/sc7180-trogdor-r1-lte.dtb
  HDRINST usr/include/linux/netfilter/ipset/ip_set.h
  HDRINST usr/include/linux/netfilter/ipset/ip_set_bitmap.h
  HDRINST usr/include/linux/netfilter/ipset/ip_set_list.h
  HDRINST usr/include/linux/netfilter/xt_dscp.h
  HDRINST usr/include/linux/netfilter/xt_CONNSECMARK.h
  HDRINST usr/include/linux/netfilter/xt_cgroup.h
  HDRINST usr/include/linux/netfilter/xt_CHECKSUM.h
  HDRINST usr/include/linux/netfilter/xt_physdev.h
  HDRINST usr/include/linux/netfilter/nfnetlink_acct.h
  HDRINST usr/include/linux/netfilter/nfnetlink_queue.h
  HDRINST usr/include/linux/netfilter/xt_connmark.h
  HDRINST usr/include/linux/netfilter/xt_connlabel.h
  DTC     arch/arm64/boot/dts/qcom/sdm630-sony-xperia-ganges-kirin.dtb
  HDRINST usr/include/linux/netfilter/nf_conntrack_ftp.h
  HDRINST usr/include/linux/netfilter/nf_synproxy.h
  HDRINST usr/include/linux/netfilter/xt_iprange.h
  HDRINST usr/include/linux/netfilter/xt_NFQUEUE.h
  DTC     arch/arm64/boot/dts/qcom/sdm630-sony-xperia-nile-discovery.dtb
  HDRINST usr/include/linux/netfilter/xt_owner.h
  DTC     arch/arm64/boot/dts/qcom/sdm630-sony-xperia-nile-pioneer.dtb
  HDRINST usr/include/linux/netfilter/xt_length.h
  HDRINST usr/include/linux/netfilter/xt_socket.h
  HDRINST usr/include/linux/netfilter/xt_state.h
  HDRINST usr/include/linux/netfilter/xt_TPROXY.h
  HDRINST usr/include/linux/netfilter/xt_string.h
  DTC     arch/arm64/boot/dts/qcom/sdm630-sony-xperia-nile-voyager.dtb
  HDRINST usr/include/linux/netfilter/xt_CT.h
  HDRINST usr/include/linux/netfilter/xt_pkttype.h
  HOSTCC  scripts/mod/file2alias.o
  HDRINST usr/include/linux/netfilter/nf_log.h
  HDRINST usr/include/linux/netfilter/xt_comment.h
  HDRINST usr/include/linux/netfilter/xt_set.h
  HDRINST usr/include/linux/netfilter/xt_hashlimit.h
  HDRINST usr/include/linux/netfilter/nfnetlink_cthelper.h
  DTC     arch/arm64/boot/dts/qcom/sdm636-sony-xperia-ganges-mermaid.dtb
  HDRINST usr/include/linux/netfilter/xt_SECMARK.h
  HDRINST usr/include/linux/netfilter/xt_addrtype.h
  DTC     arch/arm64/boot/dts/qcom/sdm660-xiaomi-lavender.dtb
  HDRINST usr/include/linux/netfilter/xt_IDLETIMER.h
  DTC     arch/arm64/boot/dts/qcom/sdm845-cheza-r1.dtb
  HDRINST usr/include/linux/netfilter/xt_TCPMSS.h
  HDRINST usr/include/linux/netfilter/xt_cluster.h
  HDRINST usr/include/linux/netfilter/xt_rpfilter.h
  DTC     arch/arm64/boot/dts/qcom/sdm845-cheza-r2.dtb
  DTC     arch/arm64/boot/dts/qcom/sdm845-cheza-r3.dtb
  HDRINST usr/include/linux/netfilter/xt_mac.h
  HDRINST usr/include/linux/netfilter/nf_conntrack_tcp.h
  HDRINST usr/include/linux/netfilter/xt_limit.h
  HDRINST usr/include/linux/netfilter/xt_HMARK.h
  HDRINST usr/include/linux/netfilter/xt_TCPOPTSTRIP.h
  HDRINST usr/include/linux/netfilter/xt_bpf.h
  HDRINST usr/include/linux/netfilter/nf_conntrack_common.h
  HDRINST usr/include/linux/netfilter/xt_CONNMARK.h
  DTC     arch/arm64/boot/dts/qcom/sdm845-db845c.dtb
  HDRINST usr/include/linux/netfilter/xt_policy.h
  HDRINST usr/include/linux/netfilter/xt_recent.h
  HDRINST usr/include/linux/netfilter/nfnetlink.h
  HDRINST usr/include/linux/netfilter/nfnetlink_conntrack.h
  DTC     arch/arm64/boot/dts/qcom/sdm845-mtp.dtb
  HDRINST usr/include/linux/netfilter/xt_sctp.h
  HDRINST usr/include/linux/netfilter/xt_ipcomp.h
  DTC     arch/arm64/boot/dts/qcom/sdm845-xiaomi-beryllium.dtb
  HDRINST usr/include/linux/netfilter/xt_ecn.h
  HDRINST usr/include/linux/netfilter/xt_CLASSIFY.h
  DTC     arch/arm64/boot/dts/qcom/sdm850-lenovo-yoga-c630.dtb
  HDRINST usr/include/linux/netfilter/xt_statistic.h
  DTC     arch/arm64/boot/dts/qcom/sm8150-mtp.dtb
  DTC     arch/arm64/boot/dts/qcom/sm8250-mtp.dtb
  HDRINST usr/include/linux/netfilter/xt_RATEEST.h
  HDRINST usr/include/linux/netfilter/xt_quota.h
  HDRINST usr/include/linux/netfilter/xt_cpu.h
  HDRINST usr/include/linux/netfilter/xt_nfacct.h
  HDRINST usr/include/linux/netfilter/xt_realm.h
  HDRINST usr/include/linux/netfilter/xt_mark.h
  HDRINST usr/include/linux/netfilter/xt_devgroup.h
  HDRINST usr/include/linux/netfilter/x_tables.h
  HDRINST usr/include/linux/netfilter/xt_dccp.h
  HDRINST usr/include/linux/netfilter/xt_time.h
  HDRINST usr/include/linux/netfilter/xt_connlimit.h
  HDRINST usr/include/linux/netfilter/xt_osf.h
  HDRINST usr/include/linux/netfilter/xt_DSCP.h
  HDRINST usr/include/linux/netfilter/nf_nat.h
  HDRINST usr/include/linux/netfilter/nf_tables_compat.h
  HDRINST usr/include/linux/netfilter/xt_connbytes.h
  HDRINST usr/include/linux/netfilter/xt_LED.h
  HDRINST usr/include/linux/netfilter/xt_esp.h
  HDRINST usr/include/linux/netfilter/xt_l2tp.h
  HDRINST usr/include/linux/netfilter/xt_SYNPROXY.h
  HDRINST usr/include/linux/netfilter/xt_MARK.h
  HDRINST usr/include/linux/netfilter/xt_tcpudp.h
  HDRINST usr/include/linux/netfilter/nf_conntrack_tuple_common.h
  HDRINST usr/include/linux/netfilter/xt_ipvs.h
  HDRINST usr/include/linux/netfilter/xt_conntrack.h
  HDRINST usr/include/linux/netfilter/xt_NFLOG.h
  HDRINST usr/include/linux/netfilter/nf_tables.h
  HDRINST usr/include/linux/netfilter/xt_tcpmss.h
  HDRINST usr/include/linux/netfilter/xt_u32.h
  HDRINST usr/include/linux/netfilter/nfnetlink_osf.h
  HOSTLD  scripts/mod/modpost
  HDRINST usr/include/linux/netfilter/xt_helper.h
  HDRINST usr/include/linux/netfilter/nfnetlink_cttimeout.h
  HDRINST usr/include/linux/netfilter/xt_AUDIT.h
  HDRINST usr/include/linux/netfilter/xt_LOG.h
  HDRINST usr/include/linux/netfilter/xt_TEE.h
  HDRINST usr/include/linux/netfilter/nf_conntrack_sctp.h
  HDRINST usr/include/linux/stddef.h
  HDRINST usr/include/linux/radeonfb.h
  HDRINST usr/include/linux/if_bonding.h
  HDRINST usr/include/linux/sched.h
  HDRINST usr/include/linux/devlink.h
  HDRINST usr/include/linux/nilfs2_ondisk.h
  HDRINST usr/include/linux/netfilter_ipv4.h
  HDRINST usr/include/linux/if_plip.h
  HDRINST usr/include/linux/uhid.h
  HDRINST usr/include/linux/smiapp.h
  HDRINST usr/include/linux/aio_abi.h
  HDRINST usr/include/linux/in6.h
  HDRINST usr/include/linux/ipv6.h
  HDRINST usr/include/linux/ipv6_route.h
  HDRINST usr/include/linux/agpgart.h
  HDRINST usr/include/linux/netfilter_bridge.h
  HDRINST usr/include/linux/btrfs_tree.h
  HDRINST usr/include/linux/tiocl.h
  HDRINST usr/include/linux/byteorder/little_endian.h
  HDRINST usr/include/linux/byteorder/big_endian.h
  HDRINST usr/include/linux/nfs2.h
  HDRINST usr/include/linux/prctl.h
  HDRINST usr/include/linux/nbd-netlink.h
  HDRINST usr/include/linux/eventpoll.h
  HDRINST usr/include/linux/sync_file.h
  HDRINST usr/include/linux/swab.h
  HDRINST usr/include/linux/fcntl.h
  HDRINST usr/include/linux/kernelcapi.h
  HDRINST usr/include/linux/rxrpc.h
  HDRINST usr/include/linux/atmppp.h
  HDRINST usr/include/linux/ppp-comp.h
  HDRINST usr/include/linux/nfs_fs.h
  HDRINST usr/include/linux/hw_breakpoint.h
  HDRINST usr/include/linux/wait.h
  HDRINST usr/include/linux/if_tun.h
  HDRINST usr/include/linux/batadv_packet.h
  HDRINST usr/include/linux/sonypi.h
  HDRINST usr/include/linux/mtk_ccd_controls.h
  HDRINST usr/include/linux/hiddev.h
  HDRINST usr/include/linux/switchtec_ioctl.h
  HDRINST usr/include/linux/netlink.h
  HDRINST usr/include/linux/bpfilter.h
  HDRINST usr/include/linux/android/binderfs.h
  HDRINST usr/include/linux/android/binder.h
  HDRINST usr/include/linux/udp.h
  HDRINST usr/include/linux/sem.h
  HDRINST usr/include/linux/watch_queue.h
  HDRINST usr/include/linux/atmlec.h
  HDRINST usr/include/linux/omapfb.h
  HDRINST usr/include/linux/fadvise.h
  HDRINST usr/include/linux/cciss_ioctl.h
  HDRINST usr/include/linux/i2o-dev.h
  HDRINST usr/include/linux/fsl_hypervisor.h
  HDRINST usr/include/linux/fsverity.h
  HDRINST usr/include/linux/if_team.h
  HDRINST usr/include/linux/rio_cm_cdev.h
  HDRINST usr/include/linux/videodev2.h
  HDRINST usr/include/linux/time.h
  HDRINST usr/include/linux/pfkeyv2.h
  HDRINST usr/include/linux/securebits.h
  HDRINST usr/include/linux/const.h
  HDRINST usr/include/linux/joystick.h
  HDRINST usr/include/linux/nbd.h
  HDRINST usr/include/linux/sed-opal.h
  HDRINST usr/include/linux/hdlc.h
  HDRINST usr/include/linux/fsmap.h
  HDRINST usr/include/linux/socket.h
  HDRINST usr/include/linux/media-bus-format.h
  HDRINST usr/include/linux/rpl_iptunnel.h
  HDRINST usr/include/linux/posix_acl_xattr.h
  HDRINST usr/include/linux/atmbr2684.h
  HDRINST usr/include/linux/rseq.h
  HDRINST usr/include/linux/serial.h
  HDRINST usr/include/linux/qnx4_fs.h
  HDRINST usr/include/linux/i2c.h
  HDRINST usr/include/linux/sched/types.h
  HDRINST usr/include/linux/time_types.h
  HDRINST usr/include/linux/ppp-ioctl.h
  HDRINST usr/include/linux/fdreg.h
  HDRINST usr/include/linux/igmp.h
  HDRINST usr/include/linux/atmsap.h
  HDRINST usr/include/linux/hyperv.h
  HDRINST usr/include/linux/btf.h
  HDRINST usr/include/linux/aspeed-p2a-ctrl.h
  HDRINST usr/include/linux/if_packet.h
  HDRINST usr/include/linux/ioctl.h
  HDRINST usr/include/linux/if_tunnel.h
  HDRINST usr/include/linux/baycom.h
  HDRINST usr/include/linux/dlm_device.h
  HDRINST usr/include/linux/errqueue.h
  HDRINST usr/include/linux/netconf.h
  HDRINST usr/include/linux/qrtr.h
  HDRINST usr/include/linux/ax25.h
  HDRINST usr/include/linux/netfilter.h
  HDRINST usr/include/linux/cm4000_cs.h
  HDRINST usr/include/linux/virtio_net.h
  HDRINST usr/include/linux/reboot.h
  HDRINST usr/include/linux/fpga-dfl.h
  HDRINST usr/include/linux/cn_proc.h
  HDRINST usr/include/linux/coff.h
  HDRINST usr/include/linux/irqnr.h
  HDRINST usr/include/linux/rose.h
  HDRINST usr/include/linux/kvm_para.h
  HDRINST usr/include/linux/synclink.h
  HDRINST usr/include/linux/iso_fs.h
  HDRINST usr/include/linux/virtio_mmio.h
  HDRINST usr/include/linux/vboxguest.h
  HDRINST usr/include/linux/vmcore.h
  HDRINST usr/include/linux/cycx_cfm.h
  HDRINST usr/include/linux/ion.h
  HDRINST usr/include/linux/ip6_tunnel.h
  HDRINST usr/include/linux/errno.h
  HDRINST usr/include/linux/chio.h
  HDRINST usr/include/linux/nfsd/nfsfh.h
  HDRINST usr/include/linux/nfsd/cld.h
  HDRINST usr/include/linux/nfsd/stats.h
  HDRINST usr/include/linux/nfsd/debug.h
  HDRINST usr/include/linux/nfsd/export.h
  HDRINST usr/include/linux/netdevice.h
  HDRINST usr/include/linux/virtio_pci.h
  HDRINST usr/include/linux/nfs4.h
  HDRINST usr/include/linux/virtio_pmem.h
  HDRINST usr/include/linux/qnxtypes.h
  HDRINST usr/include/linux/kexec.h
  HDRINST usr/include/linux/cec-funcs.h
  HDRINST usr/include/linux/if.h
  HDRINST usr/include/linux/fib_rules.h
  HDRINST usr/include/linux/net_dropmon.h
  HDRINST usr/include/linux/ipsec.h
  HDRINST usr/include/linux/hsi/cs-protocol.h
  HDRINST usr/include/linux/hsi/hsi_char.h
  HDRINST usr/include/linux/if_frad.h
  HDRINST usr/include/linux/ultrasound.h
  HDRINST usr/include/linux/hdreg.h
  HDRINST usr/include/linux/stm.h
  HDRINST usr/include/linux/perf_event.h
  HDRINST usr/include/linux/smc.h
  HDRINST usr/include/linux/f2fs.h
  HDRINST usr/include/linux/types.h
  HDRINST usr/include/linux/mei.h
  HDRINST usr/include/linux/virtio_mem.h
  HDRINST usr/include/linux/pci.h
  HDRINST usr/include/linux/mman.h
  HDRINST usr/include/linux/netfilter_ipv6/ip6t_HL.h
  HDRINST usr/include/linux/netfilter_ipv6/ip6t_hl.h
  HDRINST usr/include/linux/netfilter_ipv6/ip6t_ipv6header.h
  HDRINST usr/include/linux/netfilter_ipv6/ip6_tables.h
  HDRINST usr/include/linux/netfilter_ipv6/ip6t_NPT.h
  HDRINST usr/include/linux/netfilter_ipv6/ip6t_frag.h
  HDRINST usr/include/linux/netfilter_ipv6/ip6t_LOG.h
  HDRINST usr/include/linux/netfilter_ipv6/ip6t_srh.h
  HDRINST usr/include/linux/netfilter_ipv6/ip6t_mh.h
  HDRINST usr/include/linux/netfilter_ipv6/ip6t_rt.h
  HDRINST usr/include/linux/netfilter_ipv6/ip6t_opts.h
  HDRINST usr/include/linux/netfilter_ipv6/ip6t_REJECT.h
  HDRINST usr/include/linux/netfilter_ipv6/ip6t_ah.h
  HDRINST usr/include/linux/rio_mport_cdev.h
  HDRINST usr/include/linux/pci_regs.h
  HDRINST usr/include/linux/udmabuf.h
  HDRINST usr/include/linux/major.h
  HDRINST usr/include/linux/btrfs.h
  HDRINST usr/include/linux/kcm.h
  HDRINST usr/include/linux/atalk.h
  HDRINST usr/include/linux/nsfs.h
  HDRINST usr/include/linux/hid.h
  HDRINST usr/include/linux/udf_fs_i.h
  HDRINST usr/include/linux/ipc.h
  HDRINST usr/include/linux/nfc.h
  HDRINST usr/include/linux/scif_ioctl.h
  HDRINST usr/include/linux/ila.h
  HDRINST usr/include/linux/net.h
  HDRINST usr/include/linux/adb.h
  HDRINST usr/include/linux/virtio_ring.h
  HDRINST usr/include/linux/posix_acl.h
  HDRINST usr/include/linux/virtio_gpu.h
  HDRINST usr/include/linux/usb/charger.h
  HDRINST usr/include/linux/usb/midi.h
  HDRINST usr/include/linux/usb/g_printer.h
  HDRINST usr/include/linux/usb/raw_gadget.h
  HDRINST usr/include/linux/usb/cdc-wdm.h
  HDRINST usr/include/linux/usb/functionfs.h
  HDRINST usr/include/linux/usb/ch9.h
  HDRINST usr/include/linux/usb/video.h
  HDRINST usr/include/linux/usb/gadgetfs.h
  HDRINST usr/include/linux/usb/g_uvc.h
  HDRINST usr/include/linux/usb/ch11.h
  HDRINST usr/include/linux/usb/f_accessory.h
  HDRINST usr/include/linux/usb/cdc.h
  HDRINST usr/include/linux/usb/audio.h
  HDRINST usr/include/linux/usb/tmc.h
  HDRINST usr/include/linux/vfio_ccw.h
  HDRINST usr/include/linux/v4l2-mediabus.h
  HDRINST usr/include/linux/l2tp.h
  HDRINST usr/include/linux/pkt_cls.h
  HDRINST usr/include/linux/virtio_input.h
  HDRINST usr/include/linux/netfilter_ipv6.h
  HDRINST usr/include/linux/if_hippi.h
  HDRINST usr/include/linux/mroute6.h
  HDRINST usr/include/linux/bpf_common.h
  HDRINST usr/include/linux/ipmi.h
  HDRINST usr/include/linux/in.h
  HDRINST usr/include/linux/pg.h
  HDRINST usr/include/linux/uvcvideo.h
  HDRINST usr/include/linux/seg6_iptunnel.h
  HDRINST usr/include/linux/vhost_types.h
  HDRINST usr/include/linux/sysctl.h
  HDRINST usr/include/linux/cryptouser.h
  HDRINST usr/include/linux/mrp_bridge.h
  HDRINST usr/include/linux/dlm_plock.h
  HDRINST usr/include/linux/ipmi_msgdefs.h
  HDRINST usr/include/linux/phantom.h
  HDRINST usr/include/linux/genetlink.h
  HDRINST usr/include/linux/atmsvc.h
  HDRINST usr/include/linux/vfio_zdev.h
  HDRINST usr/include/linux/utsname.h
  HDRINST usr/include/linux/netfilter_ipv4/ipt_ECN.h
  HDRINST usr/include/linux/netfilter_ipv4/ipt_LOG.h
  HDRINST usr/include/linux/netfilter_ipv4/ipt_ttl.h
  HDRINST usr/include/linux/netfilter_ipv4/ipt_REJECT.h
  HDRINST usr/include/linux/netfilter_ipv4/ip_tables.h
  HDRINST usr/include/linux/netfilter_ipv4/ipt_TTL.h
  HDRINST usr/include/linux/netfilter_ipv4/ipt_CLUSTERIP.h
  HDRINST usr/include/linux/netfilter_ipv4/ipt_ecn.h
  HDRINST usr/include/linux/netfilter_ipv4/ipt_ah.h
  HDRINST usr/include/linux/ivtvfb.h
  HDRINST usr/include/linux/hdlcdrv.h
  HDRINST usr/include/linux/lwtunnel.h
  HDRINST usr/include/linux/vm_sockets_diag.h
  HDRINST usr/include/linux/kcmp.h
  HDRINST usr/include/linux/n_r3964.h
  HDRINST usr/include/linux/dm-user.h
  HDRINST usr/include/linux/signalfd.h
  HDRINST usr/include/linux/string.h
  HDRINST usr/include/linux/mqueue.h
  HDRINST usr/include/linux/bpf.h
  HDRINST usr/include/linux/ethtool_netlink.h
  HDRINST usr/include/linux/rtc.h
  HDRINST usr/include/linux/apm_bios.h
  HDRINST usr/include/linux/atm_eni.h
  HDRINST usr/include/linux/xdp_diag.h
  HDRINST usr/include/linux/shm.h
  HDRINST usr/include/linux/if_pppox.h
  HDRINST usr/include/linux/bpqether.h
  HDRINST usr/include/linux/seg6_hmac.h
  HDRINST usr/include/linux/if_arcnet.h
  HDRINST usr/include/linux/cciss_defs.h
  HDRINST usr/include/linux/blkpg.h
  HDRINST usr/include/linux/kd.h
  HDRINST usr/include/linux/wmi.h
  HDRINST usr/include/linux/if_bridge.h
  HDRINST usr/include/linux/uinput.h
  HDRINST usr/include/linux/icmp.h
  HDRINST usr/include/linux/meye.h
  HDRINST usr/include/linux/rfkill.h
  HDRINST usr/include/linux/psci.h
  HDRINST usr/include/linux/gameport.h
  HDRINST usr/include/linux/if_alg.h
  HDRINST usr/include/linux/virtio_types.h
  HDRINST usr/include/linux/vt.h
  HDRINST usr/include/linux/atmarp.h
  HDRINST usr/include/linux/tcp.h
  HDRINST usr/include/linux/virtio_9p.h
  HDRINST usr/include/linux/dvb/version.h
  HDRINST usr/include/linux/dvb/video.h
  HDRINST usr/include/linux/dvb/net.h
  HDRINST usr/include/linux/dvb/frontend.h
  HDRINST usr/include/linux/dvb/ca.h
  HDRINST usr/include/linux/dvb/audio.h
  HDRINST usr/include/linux/dvb/dmx.h
  HDRINST usr/include/linux/dvb/osd.h
  HDRINST usr/include/linux/parport.h
  HDRINST usr/include/linux/ppp_defs.h
  HDRINST usr/include/linux/v4l2-subdev.h
  HDRINST usr/include/linux/oom.h
  HDRINST usr/include/linux/atm_tcp.h
  CC      kernel/bounds.s
  HDRINST usr/include/linux/i8k.h
  HDRINST usr/include/linux/arcfb.h
  HDRINST usr/include/linux/un.h
  HDRINST usr/include/linux/seg6_local.h
  HDRINST usr/include/linux/if_ether.h
  UPD     include/generated/timeconst.h
  HDRINST usr/include/linux/hsr_netlink.h
  HDRINST usr/include/linux/x25.h
  HDRINST usr/include/linux/if_arp.h
  CALL    ../scripts/atomic/check-atomics.sh
  HDRINST usr/include/linux/tc_act/tc_ife.h
  HDRINST usr/include/linux/tc_act/tc_gate.h
  HDRINST usr/include/linux/tc_act/tc_tunnel_key.h
  HDRINST usr/include/linux/tc_act/tc_csum.h
  HDRINST usr/include/linux/tc_act/tc_skbedit.h
  HDRINST usr/include/linux/tc_act/tc_ct.h
  HDRINST usr/include/linux/tc_act/tc_vlan.h
  HDRINST usr/include/linux/tc_act/tc_gact.h
  HDRINST usr/include/linux/tc_act/tc_skbmod.h
  HDRINST usr/include/linux/tc_act/tc_bpf.h
  HDRINST usr/include/linux/tc_act/tc_connmark.h
  HDRINST usr/include/linux/tc_act/tc_pedit.h
  HDRINST usr/include/linux/tc_act/tc_defact.h
  HDRINST usr/include/linux/tc_act/tc_nat.h
  HDRINST usr/include/linux/tc_act/tc_mpls.h
  HDRINST usr/include/linux/tc_act/tc_mirred.h
  HDRINST usr/include/linux/tc_act/tc_ipt.h
  HDRINST usr/include/linux/tc_act/tc_ctinfo.h
  HDRINST usr/include/linux/tc_act/tc_sample.h
  HDRINST usr/include/linux/serio.h
  HDRINST usr/include/linux/nitro_enclaves.h
  HDRINST usr/include/linux/netfilter_bridge/ebt_ip.h
  HDRINST usr/include/linux/netfilter_bridge/ebt_limit.h
  HDRINST usr/include/linux/netfilter_bridge/ebt_ip6.h
  HDRINST usr/include/linux/netfilter_bridge/ebt_mark_m.h
  HDRINST usr/include/linux/netfilter_bridge/ebt_vlan.h
  HDRINST usr/include/linux/netfilter_bridge/ebt_mark_t.h
  HDRINST usr/include/linux/netfilter_bridge/ebt_nflog.h
  HDRINST usr/include/linux/netfilter_bridge/ebt_802_3.h
  HDRINST usr/include/linux/netfilter_bridge/ebt_log.h
  HDRINST usr/include/linux/netfilter_bridge/ebt_nat.h
  HDRINST usr/include/linux/netfilter_bridge/ebt_arpreply.h
  HDRINST usr/include/linux/netfilter_bridge/ebt_stp.h
  HDRINST usr/include/linux/netfilter_bridge/ebt_among.h
  HDRINST usr/include/linux/netfilter_bridge/ebt_pkttype.h
  HDRINST usr/include/linux/netfilter_bridge/ebt_arp.h
  HDRINST usr/include/linux/netfilter_bridge/ebt_redirect.h
  HDRINST usr/include/linux/netfilter_bridge/ebtables.h
  HDRINST usr/include/linux/netrom.h
  HDRINST usr/include/linux/efs_fs_sb.h
  HDRINST usr/include/linux/isst_if.h
  HDRINST usr/include/linux/erspan.h
  HDRINST usr/include/linux/if_slip.h
  HDRINST usr/include/linux/gpio.h
  HDRINST usr/include/linux/coresight-stm.h
  HDRINST usr/include/linux/serial_reg.h
  HDRINST usr/include/linux/random.h
  HDRINST usr/include/linux/max2175.h
  HDRINST usr/include/linux/gfs2_ondisk.h
  HDRINST usr/include/linux/posix_types.h
  HDRINST usr/include/linux/jffs2.h
  HDRINST usr/include/linux/fscrypt.h
  HDRINST usr/include/linux/ptp_clock.h
  HDRINST usr/include/linux/if_phonet.h
  HDRINST usr/include/linux/nl80211.h
  HDRINST usr/include/linux/psp-sev.h
  HDRINST usr/include/linux/userio.h
  HDRINST usr/include/linux/wireless.h
  HDRINST usr/include/linux/netfilter_arp/arp_tables.h
  HDRINST usr/include/linux/netfilter_arp/arpt_mangle.h
  HDRINST usr/include/linux/llc.h
  HDRINST usr/include/linux/fou.h
  HDRINST usr/include/linux/sctp.h
  HDRINST usr/include/linux/net_tstamp.h
  HDRINST usr/include/linux/romfs_fs.h
  HDRINST usr/include/linux/capi.h
  HDRINST usr/include/linux/dlm.h
  HDRINST usr/include/linux/cec.h
  HDRINST usr/include/linux/termios.h
  HDRINST usr/include/linux/edd.h
  HDRINST usr/include/linux/nvram.h
  HDRINST usr/include/linux/nubus.h
  HDRINST usr/include/linux/if_cablemodem.h
  HDRINST usr/include/linux/tty_flags.h
  HDRINST usr/include/linux/dm-log-userspace.h
  HDRINST usr/include/linux/pidfd.h
  HDRINST usr/include/linux/seg6.h
  HDRINST usr/include/linux/virtio_crypto.h
  HDRINST usr/include/linux/gtp.h
  HDRINST usr/include/linux/gsmmux.h
  HDRINST usr/include/linux/mtio.h
  HDRINST usr/include/linux/v4l2-common.h
  HDRINST usr/include/linux/minix_fs.h
  HDRINST usr/include/linux/nfsacl.h
  HDRINST usr/include/linux/openat2.h
  HDRINST usr/include/linux/lightnvm.h
  HDRINST usr/include/linux/futex.h
  HDRINST usr/include/linux/if_ltalk.h
  HDRINST usr/include/linux/atmioc.h
  HDRINST usr/include/linux/wimax/i2400m.h
  HDRINST usr/include/linux/rtnetlink.h
  HDRINST usr/include/linux/selinux_netlink.h
  HDRINST usr/include/linux/target_core_user.h
  HDRINST usr/include/linux/icmpv6.h
  HDRINST usr/include/linux/packet_diag.h
  HDRINST usr/include/linux/ife.h
  HDRINST usr/include/linux/ptrace.h
  HDRINST usr/include/linux/dlmconstants.h
  HDRINST usr/include/linux/elf.h
  HDRINST usr/include/linux/wimax.h
  HDRINST usr/include/linux/membarrier.h
  HDRINST usr/include/linux/smc_diag.h
  HDRINST usr/include/linux/resource.h
  HDRINST usr/include/linux/virtio_ids.h
  HDRINST usr/include/linux/virtio_console.h
  HDRINST usr/include/linux/coda.h
  HDRINST usr/include/linux/ethtool.h
  HDRINST usr/include/linux/vsockmon.h
  HDRINST usr/include/linux/if_addrlabel.h
  HDRINST usr/include/linux/kvm.h
  HDRINST usr/include/linux/openvswitch.h
  HDRINST usr/include/linux/cyclades.h
  HDRINST usr/include/linux/fuse.h
  HDRINST usr/include/linux/vtpm_proxy.h
  HDRINST usr/include/linux/fsi.h
  HDRINST usr/include/linux/cdrom.h
  HDRINST usr/include/linux/nfs3.h
  HDRINST usr/include/linux/auto_fs.h
  HDRINST usr/include/linux/unistd.h
  HDRINST usr/include/linux/batman_adv.h
  HDRINST usr/include/linux/uleds.h
  HDRINST usr/include/linux/bfs_fs.h
  HDRINST usr/include/linux/dlm_netlink.h
  HDRINST usr/include/linux/pmu.h
  HDRINST usr/include/linux/ip.h
  HDRINST usr/include/linux/dccp.h
  HDRINST usr/include/linux/mpls_iptunnel.h
  HDRINST usr/include/linux/fd.h
  HDRINST usr/include/linux/ipx.h
  HDRINST usr/include/linux/filter.h
  HDRINST usr/include/linux/io_uring.h
  HDRINST usr/include/linux/cifs/cifs_mount.h
  HDRINST usr/include/linux/param.h
  HDRINST usr/include/linux/arm_sdei.h
  HDRINST usr/include/linux/am437x-vpfe.h
  HDRINST usr/include/linux/patchkey.h
  HDRINST usr/include/linux/snmp.h
  HDRINST usr/include/linux/cuda.h
  HDRINST usr/include/linux/if_eql.h
  HDRINST usr/include/linux/nfs.h
  HDRINST usr/include/linux/netfilter_arp.h
  HDRINST usr/include/linux/virtio_iommu.h
  HDRINST usr/include/linux/unix_diag.h
  HDRINST usr/include/linux/xilinx-v4l2-controls.h
  HDRINST usr/include/linux/atm.h
  HDRINST usr/include/linux/hidraw.h
  HDRINST usr/include/linux/bcache.h
  HDRINST usr/include/linux/cramfs_fs.h
  HDRINST usr/include/linux/timerfd.h
  HDRINST usr/include/linux/mpls.h
  HDRINST usr/include/linux/inotify.h
  HDRINST usr/include/linux/netlink_diag.h
  HDRINST usr/include/linux/signal.h
  HDRINST usr/include/linux/serial_core.h
  HDRINST usr/include/linux/firewire-cdev.h
  HDRINST usr/include/linux/personality.h
  HDRINST usr/include/linux/auto_fs4.h
  HDRINST usr/include/linux/mempolicy.h
  HDRINST usr/include/linux/acct.h
  HDRINST usr/include/linux/ipmi_bmc.h
  HDRINST usr/include/linux/nfs_mount.h
  HDRINST usr/include/linux/elf-em.h
  HDRINST usr/include/linux/pcitest.h
  HDRINST usr/include/linux/fiemap.h
  HDRINST usr/include/linux/vbox_vmmdev_types.h
  HDRINST usr/include/linux/pkt_sched.h
  HDRINST usr/include/linux/reiserfs_xattr.h
  HDRINST usr/include/linux/utime.h
  HDRINST usr/include/linux/bsg.h
  HDRINST usr/include/linux/fs.h
  HDRINST usr/include/linux/i2c-dev.h
  HDRINST usr/include/linux/if_pppol2tp.h
  HDRINST usr/include/linux/atmdev.h
  HDRINST usr/include/linux/soundcard.h
  HDRINST usr/include/linux/screen_info.h
  HDRINST usr/include/linux/nilfs2_api.h
  HDRINST usr/include/linux/atm_he.h
  HDRINST usr/include/linux/audit.h
  HDRINST usr/include/linux/libc-compat.h
  HDRINST usr/include/linux/atm_zatm.h
  HDRINST usr/include/linux/uio.h
  HDRINST usr/include/linux/keyctl.h
  HDRINST usr/include/linux/auto_dev-ioctl.h
  HDRINST usr/include/linux/kfd_ioctl.h
  HDRINST usr/include/linux/ivtv.h
  HDRINST usr/include/linux/if_ppp.h
  HDRINST usr/include/linux/input-event-codes.h
  HDRINST usr/include/linux/tipc_netlink.h
  HDRINST usr/include/linux/pr.h
  HDRINST usr/include/linux/pps.h
  HDRINST usr/include/linux/sockios.h
  HDRINST usr/include/linux/close_range.h
  HDRINST usr/include/linux/rpl.h
  HDRINST usr/include/linux/if_xdp.h
  HDRINST usr/include/linux/atm_nicstar.h
  HDRINST usr/include/linux/magic.h
  HDRINST usr/include/linux/cgroupstats.h
  HDRINST usr/include/linux/kcov.h
  HDRINST usr/include/linux/virtio_vsock.h
  HDRINST usr/include/linux/psample.h
  HDRINST usr/include/linux/watchdog.h
  HDRINST usr/include/linux/fanotify.h
  HDRINST usr/include/linux/dm-ioctl.h
  HDRINST usr/include/linux/virtio_fs.h
  HDRINST usr/include/linux/usbdevice_fs.h
  HDRINST usr/include/linux/vm_sockets.h
  HDRINST usr/include/linux/if_addr.h
  HDRINST usr/include/linux/bt-bmc.h
  HDRINST usr/include/linux/sdla.h
  HDRINST usr/include/linux/tipc_sockets_diag.h
  HDRINST usr/include/linux/veth.h
  HDRINST usr/include/linux/if_fddi.h
  HDRINST usr/include/linux/lirc.h
  HDRINST usr/include/linux/v4l2-controls.h
  HDRINST usr/include/linux/tty.h
  HDRINST usr/include/linux/tipc.h
  HDRINST usr/include/linux/quota.h
  HDRINST usr/include/linux/sound.h
  HDRINST usr/include/linux/mmtimer.h
  HDRINST usr/include/linux/toshiba.h
  HDRINST usr/include/linux/if_x25.h
  HDRINST usr/include/linux/affs_hardblocks.h
  HDRINST usr/include/linux/scc.h
  HDRINST usr/include/linux/mmc/ioctl.h
  HDRINST usr/include/linux/seccomp.h
  HDRINST usr/include/linux/dns_resolver.h
  HDRINST usr/include/linux/uuid.h
  HDRINST usr/include/linux/hash_info.h
  HDRINST usr/include/linux/iio/types.h
  HDRINST usr/include/linux/if_vlan.h
  HDRINST usr/include/linux/iio/events.h
  HDRINST usr/include/linux/hpet.h
  HDRINST usr/include/linux/map_to_7segment.h
  HDRINST usr/include/misc/uacce/uacce.h
  HDRINST usr/include/misc/uacce/hisi_qm.h
  HDRINST usr/include/misc/fastrpc.h
  HDRINST usr/include/misc/xilinx_sdfec.h
  HDRINST usr/include/misc/habanalabs.h
  HDRINST usr/include/misc/ocxl.h
  HDRINST usr/include/misc/pvpanic.h
  HDRINST usr/include/misc/cxl.h
  HDRINST usr/include/mtd/ubi-user.h
  HDRINST usr/include/mtd/nftl-user.h
  HDRINST usr/include/mtd/mtd-abi.h
  HDRINST usr/include/mtd/mtd-user.h
  HDRINST usr/include/mtd/inftl-user.h
  HDRINST usr/include/rdma/ib_user_ioctl_verbs.h
  HDRINST usr/include/rdma/ib_user_mad.h
  HDRINST usr/include/rdma/rdma_user_cm.h
  HDRINST usr/include/rdma/mlx5_user_ioctl_verbs.h
  HDRINST usr/include/rdma/hfi/hfi1_ioctl.h
  HDRINST usr/include/rdma/siw-abi.h
  HDRINST usr/include/rdma/hfi/hfi1_user.h
  HDRINST usr/include/rdma/hns-abi.h
  HDRINST usr/include/rdma/mlx5_user_ioctl_cmds.h
  HDRINST usr/include/rdma/rdma_netlink.h
  HDRINST usr/include/rdma/rdma_user_ioctl.h
  HDRINST usr/include/rdma/rvt-abi.h
  HDRINST usr/include/rdma/qedr-abi.h
  HDRINST usr/include/rdma/cxgb4-abi.h
  HDRINST usr/include/rdma/ocrdma-abi.h
  HDRINST usr/include/rdma/bnxt_re-abi.h
  HDRINST usr/include/rdma/ib_user_ioctl_cmds.h
  HDRINST usr/include/rdma/mlx4-abi.h
  HDRINST usr/include/rdma/mthca-abi.h
  HDRINST usr/include/rdma/rdma_user_ioctl_cmds.h
  HDRINST usr/include/rdma/i40iw-abi.h
  HDRINST usr/include/rdma/mlx5-abi.h
  HDRINST usr/include/rdma/vmw_pvrdma-abi.h
  HDRINST usr/include/rdma/ib_user_verbs.h
  HDRINST usr/include/rdma/ib_user_sa.h
  HDRINST usr/include/rdma/efa-abi.h
  HDRINST usr/include/rdma/rdma_user_rxe.h
  HDRINST usr/include/scsi/scsi_netlink_fc.h
  HDRINST usr/include/scsi/scsi_bsg_ufs.h
  HDRINST usr/include/scsi/scsi_netlink.h
  HDRINST usr/include/scsi/cxlflash_ioctl.h
  HDRINST usr/include/scsi/scsi_bsg_fc.h
  HDRINST usr/include/scsi/fc/fc_els.h
  HDRINST usr/include/scsi/fc/fc_gs.h
  HDRINST usr/include/scsi/fc/fc_fs.h
  HDRINST usr/include/scsi/fc/fc_ns.h
  HDRINST usr/include/sound/asound.h
  HDRINST usr/include/sound/tlv.h
  HDRINST usr/include/sound/asequencer.h
  HDRINST usr/include/sound/usb_stream.h
  HDRINST usr/include/sound/sb16_csp.h
  HDRINST usr/include/sound/firewire.h
  HDRINST usr/include/sound/hdspm.h
  HDRINST usr/include/sound/sof/fw.h
  HDRINST usr/include/sound/sof/abi.h
  HDRINST usr/include/sound/sof/tokens.h
  HDRINST usr/include/sound/asound_fm.h
  HDRINST usr/include/sound/sof/header.h
  HDRINST usr/include/sound/asoc.h
  HDRINST usr/include/sound/snd_sst_tokens.h
  HDRINST usr/include/sound/emu10k1.h
  HDRINST usr/include/sound/compress_offload.h
  HDRINST usr/include/sound/hdsp.h
  HDRINST usr/include/sound/sfnt_info.h
  HDRINST usr/include/sound/compress_params.h
  HDRINST usr/include/sound/skl-tplg-interface.h
  HDRINST usr/include/video/uvesafb.h
  HDRINST usr/include/video/edid.h
  HDRINST usr/include/video/sisfb.h
  HDRINST usr/include/xen/evtchn.h
  HDRINST usr/include/xen/gntdev.h
  HDRINST usr/include/xen/privcmd.h
  HDRINST usr/include/xen/gntalloc.h
  HDRINST usr/include/linux/version.h
  UPD     include/generated/bounds.h
  CC      arch/arm64/kernel/asm-offsets.s
  HDRINST usr/include/asm/bpf_perf_event.h
  HDRINST usr/include/asm/auxvec.h
  HDRINST usr/include/asm/ucontext.h
  HDRINST usr/include/asm/fcntl.h
  HDRINST usr/include/asm/sve_context.h
  HDRINST usr/include/asm/bitsperlong.h
  HDRINST usr/include/asm/perf_regs.h
  HDRINST usr/include/asm/hwcap.h
  HDRINST usr/include/asm/mman.h
  HDRINST usr/include/asm/byteorder.h
  HDRINST usr/include/asm/statfs.h
  HDRINST usr/include/asm/posix_types.h
  HDRINST usr/include/asm/ptrace.h
  HDRINST usr/include/asm/kvm.h
  HDRINST usr/include/asm/unistd.h
  HDRINST usr/include/asm/setup.h
  HDRINST usr/include/asm/param.h
  HDRINST usr/include/asm/signal.h
  HDRINST usr/include/asm/termbits.h
  HDRINST usr/include/asm/sigcontext.h
  HDRINST usr/include/asm/poll.h
  HDRINST usr/include/asm/stat.h
  HDRINST usr/include/asm/swab.h
  HDRINST usr/include/asm/sembuf.h
  HDRINST usr/include/asm/socket.h
  HDRINST usr/include/asm/ioctl.h
  HDRINST usr/include/asm/kvm_para.h
  HDRINST usr/include/asm/errno.h
  HDRINST usr/include/asm/types.h
  HDRINST usr/include/asm/shmbuf.h
  HDRINST usr/include/asm/msgbuf.h
  HDRINST usr/include/asm/ioctls.h
  HDRINST usr/include/asm/ipcbuf.h
  HDRINST usr/include/asm/siginfo.h
  HDRINST usr/include/asm/termios.h
  HDRINST usr/include/asm/resource.h
  HDRINST usr/include/asm/sockios.h
  UPD     include/generated/asm-offsets.h
  CALL    ../scripts/checksyscalls.sh
  LDS     arch/arm64/kernel/vdso/vdso.lds
  CC      arch/arm64/kernel/vdso/vgettimeofday.o
  AS      arch/arm64/kernel/vdso/note.o
  AS      arch/arm64/kernel/vdso/sigreturn.o
  LD      arch/arm64/kernel/vdso/vdso.so.dbg
  VDSOSYM include/generated/vdso-offsets.h
  LDS     arch/arm64/kernel/vdso32/vdso.lds
  CC32    arch/arm64/kernel/vdso32/note.o
  CC32    arch/arm64/kernel/vdso32/vgettimeofday.o
  HOSTCC  arch/arm64/kernel/vdso32/../../../arm/vdso/vdsomunge
  LD32    arch/arm64/kernel/vdso32/vdso.so.raw
  MUNGE   arch/arm64/kernel/vdso32/vdso.so.dbg
  VDSOSYM include/generated/vdso32-offsets.h
  CC      init/main.o
  CHK     include/generated/compile.h
  CC      init/do_mounts.o
  CC      init/do_mounts_rd.o
  CC      init/do_mounts_initrd.o
  CC      init/initramfs.o
  CC      init/calibrate.o
  UPD     include/generated/compile.h
  CC      init/init_task.o
  HOSTCC  usr/gen_init_cpio
  GEN     usr/initramfs_data.cpio
  SHIPPED usr/initramfs_inc_data
  CC      init/version.o
  AS      usr/initramfs_data.o
  AR      usr/built-in.a
  CC      arch/arm64/mm/dma-mapping.o
  CC      arch/arm64/net/bpf_jit_comp.o
  OBJCOPY arch/arm64/kernel/vdso/vdso.so
  AS      arch/arm64/kernel/vdso/vdso.o
  CC      arch/arm64/kernel/probes/kprobes.o
  AR      arch/arm64/kernel/vdso/built-in.a
  AS      arch/arm64/kernel/head.o
  CC      kernel/sched/core.o
  OBJCOPY arch/arm64/kernel/vdso32/vdso.so
  AS      arch/arm64/kernel/vdso32/vdso.o
  CC      kernel/sched/loadavg.o
  AR      init/built-in.a
  CC      kernel/sched/clock.o
  CC      arch/arm64/mm/extable.o
  CC      arch/arm64/kernel/probes/decode-insn.o
  AR      arch/arm64/kernel/vdso32/built-in.a
  CC      kernel/sched/cputime.o
  CC      kernel/sched/idle.o
  AR      arch/arm64/net/built-in.a
  LDS     arch/arm64/kernel/vmlinux.lds
  CC      kernel/locking/mutex.o
  CC      arch/arm64/mm/fault.o
  AS      arch/arm64/kernel/probes/kprobes_trampoline.o
  CC      arch/arm64/kernel/probes/simulate-insn.o
  CC      kernel/sched/fair.o
  CC      kernel/sched/rt.o
  CC      arch/arm64/mm/init.o
  CC      kernel/locking/semaphore.o
  CC      arch/arm64/kernel/probes/uprobes.o
  CC      kernel/sched/deadline.o
  CC      kernel/sched/wait.o
  AR      arch/arm64/kernel/probes/built-in.a
  CC      arch/arm64/kernel/debug-monitors.o
  CC      kernel/locking/rwsem.o
  AS      arch/arm64/mm/cache.o
  CC      kernel/locking/percpu-rwsem.o
  CC      arch/arm64/mm/copypage.o
  CC      kernel/locking/spinlock.o
  CC      kernel/sched/wait_bit.o
  AS      arch/arm64/kernel/entry.o
  CC      kernel/locking/osq_lock.o
  CC      arch/arm64/mm/flush.o
  CC      arch/arm64/mm/ioremap.o
  CC      kernel/sched/swait.o
  CC      arch/arm64/kernel/irq.o
  CC      arch/arm64/mm/mmap.o
  CC      kernel/sched/completion.o
  CC      kernel/locking/qspinlock.o
  CC      kernel/locking/rtmutex.o
  CC      arch/arm64/kernel/fpsimd.o
  CC      kernel/sched/cpupri.o
  CC      kernel/sched/cpudeadline.o
  CC      kernel/locking/qrwlock.o
  CC      arch/arm64/mm/pgd.o
  CC      arch/arm64/kernel/entry-common.o
  CC      arch/arm64/mm/mmu.o
  CC      kernel/power/qos.o
  CC      kernel/sched/topology.o
  AR      kernel/locking/built-in.a
  CC      kernel/printk/printk.o
  CC      kernel/sched/stop_task.o
  CC      kernel/sched/pelt.o
  AS      arch/arm64/kernel/entry-fpsimd.o
  CC      kernel/sched/stats.o
  CC      arch/arm64/kernel/process.o
  CC      kernel/sched/debug.o
  CC      kernel/sched/cpuacct.o
  CC      kernel/power/main.o
  CC      kernel/printk/printk_safe.o
  CC      arch/arm64/mm/context.o
  CC      kernel/sched/cpufreq.o
  CC      kernel/power/process.o
  CC      kernel/printk/printk_ringbuffer.o
  CC      arch/arm64/kernel/ptrace.o
  CC      kernel/sched/cpufreq_schedutil.o
  AS      arch/arm64/mm/proc.o
  CC      arch/arm64/kernel/setup.o
  AR      kernel/printk/built-in.a
  CC      arch/arm64/kernel/signal.o
  CC      kernel/sched/membarrier.o
  CC      arch/arm64/mm/pageattr.o
  CC      kernel/power/suspend.o
  CC      kernel/sched/isolation.o
  CC      arch/arm64/kernel/sys.o
  CC      kernel/power/wakelock.o
  CC      arch/arm64/mm/mteswap.o
  CC      kernel/sched/psi.o
  CC      kernel/power/poweroff.o
  CC      arch/arm64/kernel/stacktrace.o
  CC      arch/arm64/mm/kasan_init.o
  CC      kernel/irq/irqdesc.o
  CC      kernel/rcu/update.o
  CC      kernel/power/wakeup_reason.o
  CC      kernel/power/energy_model.o
  AR      kernel/livepatch/built-in.a
  CC      kernel/rcu/sync.o
  AR      kernel/sched/built-in.a
  CC      kernel/rcu/srcutree.o
  CC      arch/arm64/mm/dma-mapping-noalias.o
  CC      arch/arm64/kernel/time.o
  CC      arch/arm64/kernel/traps.o
  CC      kernel/irq/handle.o
  CC      kernel/dma/mapping.o
  AR      kernel/power/built-in.a
  CC      kernel/dma/direct.o
  CC      kernel/rcu/tree.o
  CC      kernel/rcu/rcu_segcblist.o
  CC      arch/arm64/kernel/io.o
  CC      arch/arm64/kernel/vdso.o
  CC      kernel/irq/manage.o
  AR      arch/arm64/mm/built-in.a
  CC      arch/arm64/kvm/hyp/vhe/timer-sr.o
  CC      arch/arm64/kvm/hyp/vhe/sysreg-sr.o
  CC      kernel/dma/ops_helpers.o
  CC      kernel/dma/dummy.o
  AS      arch/arm64/kernel/hyp-stub.o
  CC      arch/arm64/kernel/psci.o
  CC      kernel/irq/spurious.o
  CC      arch/arm64/kvm/hyp/vhe/debug-sr.o
  CC      arch/arm64/kvm/hyp/vhe/switch.o
  CC      kernel/irq/resend.o
  CC      kernel/dma/contiguous.o
  CC      certs/system_keyring.o
  CC      arch/arm64/kernel/cpu_ops.o
  CC      kernel/irq/chip.o
  CC      kernel/dma/coherent.o
  CC      arch/arm64/crypto/sha2-ce-glue.o
  CC      arch/arm64/kvm/hyp/vhe/tlb.o
  AR      kernel/rcu/built-in.a
  AS      arch/arm64/crypto/sha2-ce-core.o
  EXTRACT_CERTS   
  CC      certs/common.o
  CC      arch/arm64/kernel/insn.o
  CC      arch/arm64/kvm/../../../virt/kvm/kvm_main.o
  CC      arch/arm64/kernel/return_address.o
  AS      arch/arm64/crypto/aes-ce-core.o
  AS      certs/system_certificates.o
  CC      kernel/irq/dummychip.o
  CC      arch/arm64/kvm/hyp/vhe/../vgic-v3-sr.o
  CC      kernel/dma/swiotlb.o
  CC      arch/arm64/crypto/aes-ce-glue.o
  CC      kernel/dma/pool.o
  AR      certs/built-in.a
  CC      arch/arm64/kernel/cpuinfo.o
  CC      arch/arm64/kernel/cpu_errata.o
  CC      kernel/irq/devres.o
  CC      arch/arm64/kvm/hyp/vhe/../aarch32.o
  CC      kernel/dma/remap.o
  CC      arch/arm64/crypto/aes-glue-ce.o
  AS      arch/arm64/crypto/aes-ce.o
  CC      arch/arm64/kvm/hyp/vhe/../vgic-v2-cpuif-proxy.o
  AS      arch/arm64/kvm/hyp/vhe/../entry.o
  CC      arch/arm64/kernel/cpufeature.o
  AR      kernel/dma/built-in.a
  AR      kernel/entry/built-in.a
  CC      kernel/time/time.o
  CC      arch/arm64/kvm/../../../virt/kvm/coalesced_mmio.o
  CC      arch/arm64/crypto/sha256-glue.o
  CC      kernel/futex/core.o
  CC      kernel/cgroup/cgroup.o
  CC      kernel/irq/generic-chip.o
  AS      arch/arm64/kvm/hyp/vhe/../fpsimd.o
  CC      arch/arm64/kvm/../../../virt/kvm/eventfd.o
  AS      arch/arm64/kvm/hyp/vhe/../hyp-entry.o
  SHIPPED arch/arm64/crypto/sha256-core.S
  AS      arch/arm64/crypto/chacha-neon-core.o
  CC      arch/arm64/kernel/alternative.o
  AR      kernel/futex/built-in.a
  CC      arch/arm64/kernel/cacheinfo.o
  CC      kernel/time/timer.o
  CC      arch/arm64/kvm/hyp/vhe/../exception.o
  CC      arch/arm64/crypto/chacha-neon-glue.o
  CC      kernel/irq/autoprobe.o
  CC      arch/arm64/kernel/smp.o
  CC      arch/arm64/kernel/smp_spin_table.o
  CC      arch/arm64/kvm/../../../virt/kvm/vfio.o
  AR      arch/arm64/kvm/hyp/vhe/built-in.a
  CC      arch/arm64/kvm/hyp/nvhe/timer-sr.nvhe.o
  SHIPPED arch/arm64/crypto/poly1305-core.S
  CC      arch/arm64/crypto/poly1305-glue.o
  CC      kernel/irq/irqdomain.o
  CC      kernel/cgroup/rstat.o
  CC      arch/arm64/kernel/topology.o
  CC      kernel/time/hrtimer.o
  CC      arch/arm64/kvm/hyp/nvhe/sysreg-sr.nvhe.o
  CC      kernel/irq/proc.o
  AS      arch/arm64/kernel/smccc-call.o
  AS      arch/arm64/crypto/sha256-core.o
  CC      kernel/cgroup/namespace.o
  AS      arch/arm64/crypto/poly1305-core.o
  CC      arch/arm64/kvm/hyp/pgtable.o
  CC      kernel/irq/cpuhotplug.o
  CC      kernel/irq/pm.o
  AR      arch/arm64/crypto/built-in.a
  CC      arch/arm64/kernel/syscall.o
  CC      arch/arm64/kvm/hyp/nvhe/debug-sr.nvhe.o
  CC      arch/arm64/kvm/hyp/nvhe/switch.nvhe.o
  CC      kernel/time/timekeeping.o
  CC      kernel/irq/msi.o
  CC      kernel/cgroup/cgroup-v1.o
  CC      arch/arm64/kvm/hyp/nvhe/tlb.nvhe.o
  CC      arch/arm64/kernel/proton-pack.o
  CC      kernel/irq/ipi.o
  AS      arch/arm64/kvm/hyp/nvhe/hyp-init.nvhe.o
  CC      kernel/irq/affinity.o
  AS      arch/arm64/kvm/hyp/nvhe/host.nvhe.o
  CC      arch/arm64/kvm/hyp/nvhe/hyp-main.nvhe.o
  CC      kernel/time/ntp.o
  CC      arch/arm64/kernel/idreg-override.o
  CC      arch/arm64/kernel/sys32.o
  CC      arch/arm64/kvm/hyp/nvhe/hyp-smp.nvhe.o
  CC      kernel/cgroup/freezer.o
  AR      kernel/irq/built-in.a
  CC      kernel/cgroup/legacy_freezer.o
  CC      kernel/cgroup/cpuset.o
  CC      arch/arm64/kernel/signal32.o
  CC      kernel/time/clocksource.o
  CC      arch/arm64/kvm/hyp/nvhe/psci-relay.nvhe.o
  CC      arch/arm64/kernel/sys_compat.o
  AS      arch/arm64/kernel/sigreturn32.o
  CC      kernel/time/jiffies.o
  CC      arch/arm64/kvm/hyp/nvhe/early_alloc.nvhe.o
  CC      kernel/time/timer_list.o
  AS      arch/arm64/kernel/kuser32.o
  CC      arch/arm64/kernel/module.o
  CC      arch/arm64/kernel/module-plts.o
  CC      kernel/time/timeconv.o
  CC      arch/arm64/kernel/perf_regs.o
  CC      kernel/time/timecounter.o
  CC      arch/arm64/kvm/hyp/nvhe/stub.nvhe.o
  CC      arch/arm64/kvm/hyp/nvhe/page_alloc.nvhe.o
  AR      kernel/cgroup/built-in.a
  CC      kernel/trace/trace_clock.o
  CC      kernel/trace/ring_buffer.o
  CC      kernel/trace/trace.o
  CC      arch/arm64/kernel/perf_callchain.o
  CC      kernel/time/alarmtimer.o
  CC      arch/arm64/kvm/../../../virt/kvm/irqchip.o
  CC      arch/arm64/kvm/arm.o
  AS      arch/arm64/kvm/hyp/nvhe/cache.nvhe.o
  CC      arch/arm64/kernel/perf_event.o
  CC      arch/arm64/kvm/hyp/nvhe/setup.nvhe.o
  CC      kernel/trace/trace_output.o
  CC      kernel/time/posix-timers.o
  CC      kernel/trace/trace_seq.o
  CC      kernel/trace/trace_stat.o
  CC      arch/arm64/kernel/hw_breakpoint.o
  AS      arch/arm64/kernel/sleep.o
  CC      arch/arm64/kernel/suspend.o
  CC      arch/arm64/kvm/hyp/nvhe/mm.nvhe.o
  CC      kernel/trace/trace_printk.o
  CC      arch/arm64/kvm/hyp/nvhe/mem_protect.nvhe.o
  CC      kernel/time/posix-cpu-timers.o
  CC      arch/arm64/kvm/hyp/nvhe/../vgic-v3-sr.nvhe.o
  CC      arch/arm64/kvm/hyp/nvhe/../aarch32.nvhe.o
  CC      arch/arm64/kernel/cpuidle.o
  CC      arch/arm64/kvm/hyp/nvhe/../vgic-v2-cpuif-proxy.nvhe.o
  CC      kernel/time/posix-clock.o
  CC      kernel/time/itimer.o
  AS      arch/arm64/kvm/hyp/nvhe/../entry.nvhe.o
  CC      arch/arm64/kernel/jump_label.o
  AS      arch/arm64/kvm/hyp/nvhe/../fpsimd.nvhe.o
  CC      arch/arm64/kvm/hyp/reserved_mem.o
  AS      arch/arm64/kvm/hyp/nvhe/../hyp-entry.nvhe.o
  CC      kernel/trace/tracing_map.o
  CC      kernel/trace/trace_sched_switch.o
  CC      kernel/trace/trace_nop.o
  CC      arch/arm64/kernel/efi.o
  CC      arch/arm64/kvm/hyp/nvhe/../exception.nvhe.o
  CC      kernel/time/clockevents.o
  CC      kernel/time/tick-common.o
  CC      kernel/trace/blktrace.o
  CC      kernel/time/tick-broadcast.o
  CC      kernel/time/tick-broadcast-hrtimer.o
  AS      arch/arm64/kernel/efi-entry.o
  AS      arch/arm64/kernel/efi-rt-wrapper.o
  CC      arch/arm64/kvm/hyp/nvhe/../pgtable.nvhe.o
  CC      kernel/trace/trace_events.o
  CC      arch/arm64/kernel/pci.o
  CC      arch/arm64/kernel/armv8_deprecated.o
  CC      arch/arm64/kernel/paravirt.o
  CC      kernel/time/sched_clock.o
  CC      kernel/trace/trace_export.o
  AS      arch/arm64/kvm/hyp/nvhe/../../../lib/clear_page.nvhe.o
  CC      arch/arm64/kernel/kaslr.o
  CC      kernel/time/tick-oneshot.o
  CC      arch/arm64/kernel/mte.o
  AS      arch/arm64/kvm/hyp/nvhe/../../../lib/copy_page.nvhe.o
  AS      arch/arm64/kvm/hyp/nvhe/../../../lib/memcpy.nvhe.o
  AS      arch/arm64/kvm/hyp/nvhe/../../../lib/memset.nvhe.o
  OBJCOPY arch/arm64/kernel/efi-entry.stub.o
  LDS     arch/arm64/kvm/hyp/nvhe/hyp.lds
  HOSTCC  arch/arm64/kvm/hyp/nvhe/gen-hyprel
  CC      kernel/trace/trace_syscalls.o
  CC      kernel/events/core.o
  CC      kernel/events/ring_buffer.o
  CC      kernel/fork.o
  CC      kernel/time/tick-sched.o
  CC      kernel/bpf/core.o
  LD      arch/arm64/kvm/hyp/nvhe/kvm_nvhe.tmp.o
  HYPREL  arch/arm64/kvm/hyp/nvhe/hyp-reloc.S
  AS      arch/arm64/kvm/hyp/nvhe/hyp-reloc.o
  LD      arch/arm64/kvm/hyp/nvhe/kvm_nvhe.rel.o
  CC      kernel/trace/trace_event_perf.o
  HYPCOPY arch/arm64/kvm/hyp/nvhe/kvm_nvhe.o
  AR      arch/arm64/kvm/hyp/nvhe/built-in.a
  AR      arch/arm64/kvm/hyp/built-in.a
  CC      arch/arm64/kvm/mmu.o
  AR      arch/arm64/kernel/built-in.a
  CC      kernel/bpf/syscall.o
  CC      kernel/time/vsyscall.o
  CC      kernel/bpf/verifier.o
  CC      kernel/trace/trace_events_filter.o
  CC      kernel/time/timekeeping_debug.o
  CC      arch/arm64/kvm/mmio.o
  CC      arch/arm64/kvm/psci.o
  CC      arch/arm64/kvm/perf.o
  CC      kernel/time/namespace.o
  CC      kernel/events/callchain.o
  CC      kernel/events/hw_breakpoint.o
  CC      kernel/trace/trace_events_trigger.o
  CC      arch/arm64/kvm/hypercalls.o
  CC      kernel/trace/trace_events_synth.o
  CC      kernel/trace/trace_events_hist.o
  AR      kernel/time/built-in.a
  CC      kernel/trace/bpf_trace.o
  CC      kernel/exec_domain.o
  CC      arch/arm64/kvm/pvtime.o
  CC      kernel/events/uprobes.o
  CC      arch/arm64/kvm/inject_fault.o
  CC      kernel/panic.o
  CC      kernel/bpf/inode.o
  CC      kernel/trace/trace_kprobe.o
  CC      arch/arm64/kvm/va_layout.o
  CC      arch/arm64/kvm/handle_exit.o
  CC      kernel/trace/error_report-traces.o
  CC      kernel/cpu.o
  CC      arch/arm64/kvm/guest.o
  CC      kernel/trace/power-traces.o
  CC      kernel/bpf/helpers.o
  CC      kernel/bpf/tnum.o
  AR      kernel/events/built-in.a
  CC      kernel/exit.o
  CC      kernel/softirq.o
  CC      kernel/bpf/bpf_iter.o
  CC      arch/arm64/kvm/debug.o
  CC      arch/arm64/kvm/reset.o
  CC      arch/arm64/kvm/sys_regs.o
  CC      kernel/trace/rpm-traces.o
  CC      kernel/bpf/map_iter.o
  CC      kernel/resource.o
  CC      arch/arm64/kvm/vgic-sys-reg-v3.o
  CC      kernel/trace/trace_dynevent.o
  CC      arch/arm64/kvm/fpsimd.o
  CC      kernel/trace/trace_probe.o
  CC      kernel/sysctl.o
  CC      arch/arm64/kvm/pmu.o
  CC      kernel/trace/trace_uprobe.o
  CC      kernel/bpf/task_iter.o
  CC      kernel/capability.o
  CC      kernel/bpf/prog_iter.o
  CC      kernel/trace/trace_readwrite.o
  CC      arch/arm64/kvm/arch_timer.o
  CC      arch/arm64/kvm/trng.o
  CC      kernel/bpf/hashtab.o
  CC      kernel/bpf/arraymap.o
  CC      kernel/bpf/percpu_freelist.o
  CC      kernel/ptrace.o
  CC      arch/arm64/kvm/vgic/vgic.o
  CC      arch/arm64/kvm/vgic/vgic-init.o
  AR      kernel/trace/built-in.a
  CC      arch/arm64/kvm/vgic/vgic-irqfd.o
  CC      kernel/user.o
  CC      kernel/bpf/bpf_lru_list.o
  CC      kernel/signal.o
  CC      kernel/bpf/lpm_trie.o
  CC      kernel/bpf/map_in_map.o
  CC      arch/arm64/kvm/vgic/vgic-v2.o
  CC      arch/arm64/kvm/vgic/vgic-v3.o
  CC      kernel/sys.o
  CC      arch/arm64/kvm/vgic/vgic-v4.o
  CC      kernel/umh.o
  CC      kernel/bpf/local_storage.o
  CC      arch/arm64/kvm/vgic/vgic-mmio.o
  CC      kernel/bpf/queue_stack_maps.o
  CC      arch/arm64/kvm/vgic/vgic-mmio-v2.o
  CC      mm/kasan/common.o
  CC      arch/arm64/kvm/vgic/vgic-mmio-v3.o
  CC      arch/arm64/kvm/vgic/vgic-kvm-device.o
  CC      kernel/bpf/ringbuf.o
  CC      arch/arm64/kvm/vgic/vgic-its.o
  CC      kernel/workqueue.o
  CC      kernel/pid.o
  CC      kernel/task_work.o
  CC      arch/arm64/kvm/vgic/vgic-debug.o
  CC      kernel/extable.o
  CC      kernel/bpf/bpf_inode_storage.o
  CC      mm/kasan/report.o
  CC      arch/arm64/kvm/pmu-emul.o
  CC      kernel/params.o
  CC      kernel/kthread.o
  CC      kernel/sys_ni.o
  CC      kernel/nsproxy.o
  CC      kernel/bpf/disasm.o
  CC      kernel/notifier.o
  AR      arch/arm64/kvm/built-in.a
  AR      arch/arm64/built-in.a
  CC      kernel/bpf/trampoline.o
  CC      mm/kasan/hw_tags.o
  CC      mm/kasan/report_hw_tags.o
  AR      fs/notify/dnotify/built-in.a
  CC      fs/notify/inotify/inotify_fsnotify.o
  CC      kernel/ksysfs.o
  CC      fs/crypto/crypto.o
  CC      kernel/cred.o
  CC      kernel/reboot.o
  CC      fs/notify/inotify/inotify_user.o
  CC      kernel/bpf/btf.o
  CC      kernel/bpf/dispatcher.o
  AR      mm/kasan/built-in.a
  CC      mm/kfence/core.o
  CC      kernel/async.o
  CC      fs/crypto/fname.o
  AR      fs/notify/inotify/built-in.a
  AR      fs/notify/fanotify/built-in.a
  CC      fs/notify/fsnotify.o
  CC      kernel/range.o
  CC      kernel/smpboot.o
  CC      kernel/ucount.o
  CC      kernel/bpf/devmap.o
  CC      kernel/regset.o
  AR      ipc/built-in.a
  CC      fs/crypto/hkdf.o
  CC      mm/kfence/report.o
  CC      fs/crypto/hooks.o
  CC      security/keys/gc.o
  CC      fs/notify/notification.o
  CC      kernel/kmod.o
  CC      kernel/groups.o
  CC      fs/crypto/keyring.o
  CC      kernel/bpf/cpumap.o
  AR      mm/kfence/built-in.a
  CC      mm/damon/core.o
  CC      security/keys/key.o
  CC      fs/notify/group.o
  CC      fs/notify/mark.o
  CC      mm/damon/prmtv-common.o
  CC      kernel/kcmp.o
  CC      kernel/bpf/bpf_local_storage.o
  CC      kernel/freezer.o
  CC      security/keys/keyring.o
  CC      fs/crypto/keysetup.o
  CC      fs/notify/fdinfo.o
  CC      fs/crypto/keysetup_v1.o
  CC      security/keys/keyctl.o
  CC      mm/damon/paddr.o
  CC      kernel/bpf/offload.o
  AR      fs/notify/built-in.a
  CC      fs/verity/enable.o
  CC      kernel/profile.o
  CC      security/keys/permission.o
  CC      security/keys/process_keys.o
  CC      fs/crypto/policy.o
  CC      kernel/stacktrace.o
  CC      mm/damon/reclaim.o
  CC      kernel/bpf/net_namespace.o
  CC      security/keys/request_key.o
  CC      kernel/smp.o
  CC      fs/verity/hash_algs.o
  CC      kernel/bpf/stackmap.o
  CC      fs/crypto/bio.o
  AR      mm/damon/built-in.a
  CC      mm/filemap.o
  CC      kernel/bpf/cgroup.o
  CC      fs/verity/init.o
  CC      mm/mempool.o
  CC      security/keys/request_key_auth.o
  CC      security/keys/user_defined.o
  CC      security/keys/compat.o
  CC      fs/verity/measure.o
  CC      fs/crypto/inline_crypt.o
  CC      security/keys/proc.o
  CC      kernel/bpf/reuseport_array.o
  CC      mm/oom_kill.o
  CC      security/keys/sysctl.o
  CC      security/keys/keyctl_pkey.o
  CC      fs/verity/open.o
  CC      mm/fadvise.o
  CC      fs/verity/read_metadata.o
  AR      fs/crypto/built-in.a
  CC      kernel/uid16.o
  CC      fs/verity/verify.o
  AR      security/keys/built-in.a
  GEN     security/selinux/flask.h security/selinux/av_permissions.h
  CC      security/selinux/avc.o
  CC      kernel/bpf/bpf_struct_ops.o
  CC      fs/verity/signature.o
  CC      kernel/module.o
  CC      kernel/kallsyms.o
  CC      mm/maccess.o
  CC      mm/page-writeback.o
  AR      fs/verity/built-in.a
  CC      fs/iomap/trace.o
  CC      fs/quota/dquot.o
  CC      security/selinux/hooks.o
  CC      kernel/bpf/bpf_lsm.o
  CC      fs/iomap/apply.o
  CC      security/selinux/selinuxfs.o
  CC      kernel/compat.o
  CC      kernel/bpf/bpf_fuse.o
  CC      fs/quota/quota_v2.o
  CC      kernel/utsname.o
  CC      fs/iomap/buffered-io.o
  CC      security/selinux/netlink.o
  CC      fs/iomap/direct-io.o
  CC      mm/readahead.o
  CC      fs/quota/quota_tree.o
  CC      fs/quota/quota.o
  AR      kernel/bpf/built-in.a
  CC      fs/quota/kqid.o
  UPD     kernel/config_data
  CHK     kernel/kheaders_data.tar.xz
  GEN     kernel/kheaders_data.tar.xz
  CC      security/selinux/nlmsgtab.o
  CC      fs/iomap/fiemap.o
  CC      fs/iomap/seek.o
  CC      fs/iomap/swapfile.o
  AR      fs/quota/built-in.a
  CC      security/bpf/hooks.o
  CC      security/selinux/netif.o
  CC      mm/swap.o
  CC      security/integrity/iint.o
  AR      security/bpf/built-in.a
  CC      security/commoncap.o
  CC      security/min_addr.o
  AR      fs/iomap/built-in.a
  CC      security/integrity/integrity_audit.o
  CC      security/selinux/netnode.o
  CC      fs/proc/task_mmu.o
  CC      security/selinux/netport.o
  CC      fs/proc/inode.o
  AR      security/integrity/built-in.a
  CC      security/security.o
  CC      crypto/asymmetric_keys/asymmetric_type.o
  CC      mm/truncate.o
  CC      crypto/asymmetric_keys/restrict.o
  CC      security/selinux/status.o
  CC      security/selinux/ss/ebitmap.o
  CC      fs/proc/root.o
  CC      crypto/asymmetric_keys/signature.o
  CC      crypto/asymmetric_keys/public_key.o
  CC      fs/proc/base.o
  CC      security/selinux/ss/hashtab.o
  CC      security/inode.o
  CC      security/lsm_audit.o
  ASN.1   crypto/asymmetric_keys/x509.asn1.[ch]
  ASN.1   crypto/asymmetric_keys/x509_akid.asn1.[ch]
  CC      mm/vmscan.o
  CC      mm/shmem.o
  CC      crypto/asymmetric_keys/x509_public_key.o
  CC      security/selinux/ss/symtab.o
  ASN.1   crypto/asymmetric_keys/pkcs7.asn1.[ch]
  CC      crypto/asymmetric_keys/pkcs7_trust.o
  CC      security/selinux/ss/sidtab.o
  CC      fs/proc/generic.o
  CC      security/device_cgroup.o
  CC      security/selinux/ss/avtab.o
  CC      crypto/asymmetric_keys/pkcs7_verify.o
  CC      fs/proc/array.o
  CC      fs/proc/fd.o
  CC      mm/util.o
  CC      security/selinux/ss/policydb.o
  CC      security/selinux/ss/services.o
  CC      mm/mmzone.o
  CC      crypto/asymmetric_keys/x509.asn1.o
  CC      crypto/asymmetric_keys/x509_akid.asn1.o
  CC      fs/proc/proc_tty.o
  CC      kernel/stop_machine.o
  CC      crypto/asymmetric_keys/x509_cert_parser.o
  CC      fs/proc/cmdline.o
  CC      crypto/asymmetric_keys/pkcs7.asn1.o
  CC      security/selinux/ss/conditional.o
  CC      crypto/asymmetric_keys/pkcs7_parser.o
  CC      security/selinux/ss/mls.o
  CC      mm/vmstat.o
  CC      fs/proc/consoles.o
  CC      fs/proc/cpuinfo.o
  CC      kernel/audit.o
  CC      fs/kernfs/mount.o
  CC      fs/proc/devices.o
  AR      crypto/asymmetric_keys/built-in.a
  CC      fs/kernfs/inode.o
  CC      crypto/api.o
  CC      security/selinux/ss/context.o
  CC      fs/kernfs/dir.o
  CC      fs/proc/interrupts.o
  CC      mm/backing-dev.o
  CC      crypto/cipher.o
  CC      fs/proc/loadavg.o
  CC      security/selinux/vendor_hooks.o
  CC      fs/kernfs/file.o
  CC      fs/proc/meminfo.o
  CC      fs/kernfs/symlink.o
  CC      fs/proc/stat.o
  CC      crypto/compress.o
  AR      security/selinux/built-in.a
  AR      security/built-in.a
  CC      mm/mm_init.o
  CC      mm/percpu.o
  AR      fs/kernfs/built-in.a
  CC      fs/sysfs/file.o
  CC      fs/configfs/inode.o
  CC      block/partitions/core.o
  CC      fs/proc/uptime.o
  CC      crypto/crypto_engine.o
  CC      fs/proc/util.o
  CC      block/partitions/msdos.o
  CC      fs/configfs/file.o
  CC      fs/proc/version.o
  CC      fs/sysfs/dir.o
  CC      crypto/algapi.o
  CC      mm/slab_common.o
  CC      mm/compaction.o
  CC      fs/proc/softirqs.o
  CC      fs/configfs/dir.o
  CC      block/partitions/efi.o
  CC      fs/sysfs/symlink.o
  CC      fs/proc/namespaces.o
  AR      block/partitions/built-in.a
  CC      block/bio.o
  CC      crypto/scatterwalk.o
  CC      fs/configfs/symlink.o
  CC      fs/proc/self.o
  CC      fs/sysfs/mount.o
  CC      fs/configfs/mount.o
  CC      fs/configfs/item.o
  CC      mm/vmacache.o
  CC      fs/proc/thread_self.o
  CC      crypto/proc.o
  CC      fs/sysfs/group.o
  CC      block/elevator.o
  CC      block/blk-core.o
  CC      mm/interval_tree.o
  CC      fs/proc/proc_sysctl.o
  CC      crypto/aead.o
  AR      fs/configfs/built-in.a
  CC      crypto/geniv.o
  AR      fs/sysfs/built-in.a
  CC      block/blk-sysfs.o
  CC      mm/list_lru.o
  CC      block/blk-flush.o
  CC      crypto/skcipher.o
  CC      fs/proc/proc_net.o
  CC      crypto/seqiv.o
  CC      crypto/echainiv.o
  CC      block/blk-settings.o
  CC      mm/workingset.o
  CC      block/blk-ioc.o
  CC      fs/proc/kmsg.o
  CC      fs/devpts/inode.o
  CC      mm/debug.o
  CC      crypto/ahash.o
  AR      fs/devpts/built-in.a
  CC      fs/ext4/balloc.o
  CC      fs/proc/page.o
  CC      fs/proc/bootconfig.o
  CC      mm/gup.o
  CC      block/blk-map.o
  CC      block/blk-exec.o
  CC      block/blk-merge.o
  CC      crypto/shash.o
  AR      fs/proc/built-in.a
  CC      fs/ext4/bitmap.o
  CC      io_uring/io_uring.o
  CC      block/blk-timeout.o
  CC      crypto/akcipher.o
  CC      crypto/kpp.o
  CC      block/blk-lib.o
  CC      mm/pgsize_migration.o
  CC      fs/ext4/block_validity.o
  CC      mm/highmem.o
  ASN.1   crypto/rsapubkey.asn1.[ch]
  CC      block/blk-mq.o
  CC      io_uring/io-wq.o
  CC      fs/ext4/dir.o
  ASN.1   crypto/rsaprivkey.asn1.[ch]
  CC      crypto/rsa.o
  CC      crypto/rsa_helper.o
  CC      mm/memory.o
  CC      crypto/rsa-pkcs1pad.o
  CC      crypto/acompress.o
  CC      crypto/scompress.o
  CC      fs/ext4/ext4_jbd2.o
  AR      io_uring/built-in.a
  CC      mm/mincore.o
  CC      fs/ext4/extents.o
  CC      block/blk-mq-tag.o
  CC      crypto/algboss.o
  CC      crypto/testmgr.o
  CC      mm/mlock.o
  CC      fs/ext4/extents_status.o
  CC      kernel/auditfilter.o
  CC      crypto/cmac.o
  CC      block/blk-stat.o
  CC      block/blk-mq-sysfs.o
  CC      mm/mmap.o
  CC      crypto/hmac.o
  CC      kernel/auditsc.o
  CC      fs/ext4/file.o
  CC      kernel/audit_watch.o
  CC      mm/mmu_gather.o
  CC      block/blk-mq-cpumap.o
  CC      crypto/xcbc.o
  CC      fs/ext4/fsmap.o
  CC      crypto/crypto_null.o
  CC      kernel/audit_fsnotify.o
  CC      block/blk-mq-sched.o
  CC      block/ioctl.o
  CC      crypto/md5.o
  CC      crypto/sha1_generic.o
  CC      mm/mprotect.o
  CC      kernel/audit_tree.o
  CC      mm/mremap.o
  CC      fs/ext4/fsync.o
  CC      block/genhd.o
  CC      drivers/irqchip/irqchip.o
  CC      crypto/sha256_generic.o
  CC      kernel/kprobes.o
  CC      block/ioprio.o
  CC      mm/msync.o
  CC      fs/ext4/hash.o
  CC      mm/page_vma_mapped.o
  CC      drivers/irqchip/irq-sun4i.o
  CC      crypto/sha512_generic.o
  CC      block/badblocks.o
  CC      kernel/hung_task.o
  CC      kernel/seccomp.o
  CC      fs/ext4/ialloc.o
  CC      block/blk-rq-qos.o
  CC      drivers/irqchip/irq-sunxi-nmi.o
  CC      mm/pagewalk.o
  CC      crypto/blake2b_generic.o
  CC      crypto/gf128mul.o
  CC      block/scsi_ioctl.o
  CC      drivers/irqchip/irq-gic.o
  CC      block/bsg.o
  CC      fs/ext4/indirect.o
  CC      kernel/utsname_sysctl.o
  CC      mm/pgtable-generic.o
  CC      fs/ext4/inline.o
  CC      drivers/irqchip/irq-gic-common.o
  CC      crypto/ecb.o
  CC      kernel/delayacct.o
  CC      fs/ext4/inode.o
  CC      block/bsg-lib.o
  CC      drivers/irqchip/irq-gic-v2m.o
  CC      crypto/cbc.o
  CC      fs/ext4/ioctl.o
  CC      fs/ext4/mballoc.o
  CC      mm/rmap.o
  CC      kernel/taskstats.o
  CC      drivers/irqchip/irq-gic-v3.o
  CC      crypto/cts.o
  CC      block/blk-cgroup.o
  CC      kernel/tsacct.o
  CC      fs/ext4/migrate.o
  CC      crypto/xts.o
  CC      block/blk-cgroup-rwstat.o
  CC      block/blk-iocost.o
  CC      kernel/tracepoint.o
  CC      drivers/irqchip/irq-gic-v3-mbi.o
  CC      mm/vmalloc.o
  CC      fs/ext4/mmp.o
  CC      crypto/ctr.o
  CC      block/mq-deadline-main.o
  CC      block/mq-deadline-cgroup.o
  CC      drivers/irqchip/irq-gic-v3-its.o
  CC      crypto/adiantum.o
  CC      kernel/irq_work.o
  CC      fs/ext4/move_extent.o
  CC      sound/core/sound.o
  AR      sound/i2c/other/built-in.a
  AR      sound/i2c/built-in.a
  AR      sound/drivers/opl3/built-in.a
  CC      block/kyber-iosched.o
  AR      sound/drivers/opl4/built-in.a
  AR      sound/drivers/mpu401/built-in.a
  AR      sound/drivers/vx/built-in.a
  AR      sound/drivers/pcsp/built-in.a
  AR      sound/drivers/built-in.a
  AR      sound/isa/ad1816a/built-in.a
  AR      sound/isa/ad1848/built-in.a
  AR      sound/isa/cs423x/built-in.a
  AR      sound/isa/es1688/built-in.a
  AR      sound/isa/galaxy/built-in.a
  AR      sound/isa/gus/built-in.a
  AR      sound/isa/msnd/built-in.a
  AR      sound/isa/opti9xx/built-in.a
  CC      crypto/nhpoly1305.o
  AR      sound/isa/sb/built-in.a
  AR      sound/isa/wavefront/built-in.a
  AR      sound/isa/wss/built-in.a
  AR      sound/isa/built-in.a
  CC      kernel/cpu_pm.o
  CC      kernel/scs.o
  CC      fs/ext4/namei.o
  CC      sound/core/init.o
  CC      drivers/irqchip/irq-gic-v3-its-platform-msi.o
  CC      mm/ioremap.o
  CC      drivers/irqchip/irq-gic-v4.o
  CC      block/bfq-iosched.o
  CC      crypto/gcm.o
  CC      kernel/cfi.o
  CC      drivers/irqchip/irq-gic-v3-its-pci-msi.o
  CC      mm/process_vm_access.o
  CC      sound/core/memory.o
  CC      drivers/irqchip/irq-partition-percpu.o
  CC      crypto/ccm.o
  CC      block/bfq-wf2q.o
  CC      kernel/jump_label.o
  CC      fs/ext4/page-io.o
  CC      kernel/iomem.o
  CC      mm/page_alloc.o
  CC      sound/core/control.o
  CC      drivers/irqchip/irq-mbigen.o
  CC      crypto/chacha20poly1305.o
  CC      block/bfq-cgroup.o
  CC      fs/ext4/readpage.o
  CC      block/ssg-iosched.o
  GZIP    kernel/config_data.gz
  CC      kernel/kheaders.o
  AR      drivers/irqchip/built-in.a
  AR      drivers/bus/mhi/host/built-in.a
  AR      drivers/bus/mhi/built-in.a
  CC      drivers/bus/qcom-ebi2.o
  CC      crypto/des_generic.o
  AR      drivers/phy/allwinner/built-in.a
  AR      drivers/phy/amlogic/built-in.a
  AR      drivers/phy/broadcom/built-in.a
  AR      drivers/phy/cadence/built-in.a
  AR      drivers/phy/freescale/built-in.a
  AR      drivers/phy/hisilicon/built-in.a
  AR      drivers/phy/intel/built-in.a
  CC      fs/ext4/resize.o
  AR      drivers/phy/lantiq/built-in.a
  AR      drivers/phy/marvell/built-in.a
  CC      kernel/configs.o
  AR      drivers/phy/mediatek/built-in.a
  AR      drivers/phy/motorola/built-in.a
  AR      drivers/phy/mscc/built-in.a
  AR      drivers/phy/qualcomm/built-in.a
  AR      drivers/phy/ralink/built-in.a
  AR      drivers/phy/renesas/built-in.a
  AR      drivers/phy/rockchip/built-in.a
  AR      drivers/phy/samsung/built-in.a
  AR      drivers/phy/socionext/built-in.a
  AR      drivers/phy/st/built-in.a
  AR      drivers/phy/tegra/built-in.a
  AR      drivers/phy/ti/built-in.a
  AR      drivers/phy/xilinx/built-in.a
  CC      drivers/phy/phy-core.o
  CC      block/ssg-cgroup.o
  CC      sound/core/misc.o
  CC      crypto/aes_generic.o
  AR      drivers/bus/built-in.a
  CC      sound/core/device.o
  AR      kernel/built-in.a
  CC      net/core/sock.o
  CC      fs/ext4/super.o
  CC      mm/shuffle.o
  CC      block/blk-mq-pci.o
  CC      net/llc/llc_core.o
  CC      sound/core/info.o
  CC      crypto/chacha_generic.o
  CC      mm/init-mm.o
  CC      drivers/phy/phy-core-mipi-dphy.o
  CC      crypto/poly1305_generic.o
  CC      block/blk-mq-virtio.o
  CC      sound/core/vmaster.o
  CC      mm/memblock.o
  CC      net/llc/llc_input.o
  CC      crypto/deflate.o
  AR      drivers/phy/built-in.a
  AR      drivers/pinctrl/actions/built-in.a
  AR      drivers/pinctrl/bcm/built-in.a
  AR      drivers/pinctrl/freescale/built-in.a
  AR      drivers/pinctrl/mvebu/built-in.a
  AR      drivers/pinctrl/nomadik/built-in.a
  AR      drivers/pinctrl/qcom/built-in.a
  AR      drivers/pinctrl/sprd/built-in.a
  CC      drivers/pinctrl/sunxi/pinctrl-sunxi.o
  CC      sound/core/ctljack.o
  CC      net/core/request_sock.o
  CC      crypto/crc32c_generic.o
  CC      fs/ext4/symlink.o
  CC      block/blk-mq-debugfs.o
  CC      mm/madvise.o
  CC      sound/core/jack.o
  CC      net/llc/llc_output.o
  CC      drivers/pinctrl/sunxi/pinctrl-sun50i-a100.o
  CC      crypto/crc32_generic.o
  CC      fs/ext4/sysfs.o
  CC      net/core/skbuff.o
  CC      drivers/pinctrl/sunxi/pinctrl-sun50i-a100-r.o
  CC      crypto/authenc.o
  CC      sound/core/hwdep.o
  CC      block/blk-pm.o
  CC      mm/page_io.o
  AR      net/llc/built-in.a
  CC      mm/swap_state.o
  CC      fs/ext4/xattr.o
  AR      drivers/pinctrl/sunxi/built-in.a
  AR      drivers/pinctrl/ti/built-in.a
  AR      drivers/pinctrl/mediatek/built-in.a
  AR      drivers/pinctrl/cirrus/built-in.a
  CC      drivers/pinctrl/core.o
  CC      sound/core/timer.o
  CC      crypto/authencesn.o
  CC      block/keyslot-manager.o
  CC      mm/swapfile.o
  CC      fs/ext4/xattr_hurd.o
  CC      mm/swap_slots.o
  CC      drivers/pinctrl/pinctrl-utils.o
  CC      net/core/datagram.o
  CC      crypto/lz4.o
  CC      sound/core/hrtimer.o
  CC      block/blk-crypto.o
  CC      fs/ext4/xattr_trusted.o
  CC      crypto/rng.o
  CC      drivers/pinctrl/pinmux.o
  CC      sound/core/pcm.o
  CC      fs/ext4/xattr_user.o
  CC      mm/dmapool.o
  CC      block/blk-crypto-fallback.o
  CC      mm/sparse.o
  CC      net/core/stream.o
  CC      fs/ext4/fast_commit.o
  CC      drivers/pinctrl/pinconf.o
  CC      crypto/ansi_cprng.o
  CC      sound/core/pcm_native.o
  AR      block/built-in.a
  CC      mm/sparse-vmemmap.o
  CC      mm/mmu_notifier.o
  CC      drivers/pinctrl/devicetree.o
  CC      crypto/drbg.o
  CC      crypto/jitterentropy.o
  CC      mm/slub.o
  CC      fs/ext4/acl.o
  CC      fs/jbd2/transaction.o
  CC      net/core/scm.o
  CC      drivers/pinctrl/pinconf-generic.o
  CC      crypto/jitterentropy-kcapi.o
  CC      net/core/gen_stats.o
  CC      sound/core/pcm_lib.o
  CC      fs/ext4/xattr_security.o
  CC      crypto/ghash-generic.o
  CC      drivers/pinctrl/pinctrl-single.o
  CC      fs/jbd2/commit.o
  CC      crypto/zstd.o
  CC      fs/ext4/verity.o
  CC      fs/jbd2/recovery.o
  CC      net/core/gen_estimator.o
  CC      sound/core/pcm_misc.o
  CC      mm/memory_hotplug.o
  AR      drivers/pinctrl/built-in.a
  CC      drivers/gpio/gpiolib.o
  CC      crypto/ecc.o
  AR      fs/ext4/built-in.a
  CC      drivers/gpio/gpiolib-devres.o
  CC      net/core/net_namespace.o
  CC      fs/jbd2/checkpoint.o
  CC      sound/core/pcm_memory.o
  CC      crypto/essiv.o
  CC      crypto/ecdh.o
  CC      drivers/gpio/gpiolib-legacy.o
  CC      fs/jbd2/revoke.o
  CC      net/core/secure_seq.o
  CC      mm/migrate.o
  CC      sound/core/memalloc.o
  CC      sound/core/pcm_timer.o
  CC      net/core/flow_dissector.o
  CC      crypto/ecdh_helper.o
  CC      fs/jbd2/journal.o
  CC      drivers/gpio/gpiolib-of.o
  CC      sound/core/pcm_drm_eld.o
  CC      crypto/hash_info.o
  CC      sound/core/pcm_iec958.o
  CC      net/core/sysctl_net_core.o
  CC      crypto/rsapubkey.asn1.o
  CC      drivers/gpio/gpiolib-cdev.o
  CC      mm/huge_memory.o
  CC      crypto/rsaprivkey.asn1.o
  CC      sound/core/pcm_dmaengine.o
  CC      net/core/dev.o
  CC      sound/core/rawmidi.o
  AR      crypto/built-in.a
  AR      fs/jbd2/built-in.a
  CC      fs/ramfs/inode.o
  CC      fs/fat/cache.o
  CC      drivers/gpio/gpio-mmio.o
  CC      fs/fat/dir.o
  CC      fs/fat/fatent.o
  CC      net/core/dev_addr_lists.o
  CC      fs/ramfs/file-mmu.o
  CC      sound/core/compress_offload.o
  AR      fs/ramfs/built-in.a
  CC      fs/exfat/inode.o
  CC      drivers/gpio/gpio-pl061.o
  CC      mm/khugepaged.o
  CC      fs/exportfs/expfs.o
  CC      fs/fat/file.o
  CC      net/core/dst.o
  AR      sound/core/built-in.a
  CC      fs/exfat/namei.o
  AR      sound/pci/ac97/built-in.a
  AR      drivers/gpio/built-in.a
  AR      sound/pci/ali5451/built-in.a
  AR      sound/pci/asihpi/built-in.a
  CC      drivers/pwm/core.o
  AR      sound/pci/au88x0/built-in.a
  AR      sound/pci/aw2/built-in.a
  AR      sound/pci/ctxfi/built-in.a
  AR      sound/pci/ca0106/built-in.a
  AR      sound/pci/cs46xx/built-in.a
  AR      sound/pci/cs5535audio/built-in.a
  AR      sound/pci/lola/built-in.a
  AR      sound/pci/lx6464es/built-in.a
  AR      sound/pci/echoaudio/built-in.a
  AR      sound/pci/emu10k1/built-in.a
  AR      sound/pci/hda/built-in.a
  AR      sound/pci/ice1712/built-in.a
  AR      sound/pci/korg1212/built-in.a
  AR      sound/pci/mixart/built-in.a
  AR      sound/pci/nm256/built-in.a
  AR      fs/exportfs/built-in.a
  CC      drivers/pwm/sysfs.o
  AR      sound/pci/oxygen/built-in.a
  AR      sound/pci/pcxhr/built-in.a
  AR      sound/pci/riptide/built-in.a
  AR      sound/pci/rme9652/built-in.a
  AR      sound/pci/trident/built-in.a
  AR      sound/pci/ymfpci/built-in.a
  AR      sound/pci/vx222/built-in.a
  AR      sound/pci/built-in.a
  AR      sound/ppc/built-in.a
  AR      sound/arm/built-in.a
  AR      sound/sh/built-in.a
  AR      sound/synth/built-in.a
  AR      sound/usb/misc/built-in.a
  AR      sound/usb/usx2y/built-in.a
  AR      sound/usb/caiaq/built-in.a
  AR      sound/usb/6fire/built-in.a
  AR      sound/usb/hiface/built-in.a
  AR      sound/usb/bcd2000/built-in.a
  CC      sound/usb/card.o
  CC      net/core/netevent.o
  CC      fs/fat/inode.o
  CC      mm/page_counter.o
  CC      fs/exfat/dir.o
  CC      mm/memcontrol.o
  AR      sound/firewire/built-in.a
  CC      drivers/pci/pcie/portdrv_core.o
  CC      net/core/neighbour.o
  AR      drivers/pwm/built-in.a
  CC      drivers/video/backlight/backlight.o
  CC      sound/usb/clock.o
  CC      fs/exfat/super.o
  CC      sound/usb/endpoint.o
  CC      fs/fat/misc.o
  CC      drivers/pci/pcie/portdrv_pci.o
  CC      sound/usb/format.o
  CC      sound/usb/helper.o
  AR      drivers/video/backlight/built-in.a
  CC      drivers/video/fbdev/core/fb_cmdline.o
  CC      fs/exfat/fatent.o
  CC      drivers/pci/pcie/err.o
  CC      fs/fat/nfs.o
  CC      fs/exfat/cache.o
  CC      sound/usb/mixer.o
  CC      sound/usb/mixer_quirks.o
  CC      net/core/rtnetlink.o
  AR      drivers/video/fbdev/core/built-in.a
  AR      drivers/video/fbdev/omap2/omapfb/dss/built-in.a
  AR      drivers/video/fbdev/omap2/omapfb/displays/built-in.a
  AR      drivers/video/fbdev/omap2/omapfb/built-in.a
  AR      drivers/video/fbdev/omap2/built-in.a
  AR      drivers/video/fbdev/built-in.a
  CC      drivers/video/hdmi.o
  CC      fs/exfat/nls.o
  CC      drivers/pci/pcie/aspm.o
  CC      fs/fat/namei_vfat.o
  CC      mm/vmpressure.o
  CC      sound/usb/mixer_scarlett.o
  CC      mm/swap_cgroup.o
  CC      drivers/video/display_timing.o
  CC      fs/exfat/misc.o
  CC      fs/fat/namei_msdos.o
  CC      sound/usb/mixer_scarlett_gen2.o
  CC      mm/page_owner.o
  CC      mm/page_pinner.o
  CC      drivers/pci/pcie/aer.o
  CC      drivers/video/videomode.o
  CC      fs/exfat/file.o
  AR      fs/fat/built-in.a
  CC      fs/nls/nls_base.o
  CC      sound/usb/mixer_us16x08.o
  CC      net/core/utils.o
  CC      drivers/video/of_display_timing.o
  CC      net/core/link_watch.o
  CC      mm/cleancache.o
  CC      drivers/pci/pcie/pme.o
  CC      fs/exfat/balloc.o
  CC      sound/usb/mixer_s1810c.o
  CC      fs/nls/nls_cp437.o
  CC      drivers/video/of_videomode.o
  AR      drivers/pci/pcie/built-in.a
  AR      drivers/pci/endpoint/functions/built-in.a
  CC      drivers/pci/endpoint/pci-epc-core.o
  AR      fs/exfat/built-in.a
  SHIPPED fs/unicode/utf8data.h
  CC      fs/unicode/utf8-core.o
  CC      sound/usb/pcm.o
  CC      mm/page_isolation.o
  CC      fs/nls/nls_cp737.o
  CC      net/core/filter.o
  CC      net/core/sock_diag.o
  AR      drivers/video/built-in.a
  CC      fs/nls/nls_cp775.o
  CC      fs/unicode/utf8-norm.o
  CC      mm/early_ioremap.o
  CC      drivers/pci/endpoint/pci-epf-core.o
  CC      sound/usb/power.o
  CC      fs/ntfs3/attrib.o
  CC      fs/nls/nls_cp850.o
  CC      mm/cma.o
  CC      sound/usb/proc.o
  AR      fs/unicode/built-in.a
  CC      sound/usb/quirks.o
  CC      fs/nls/nls_cp852.o
  CC      fs/nls/nls_cp855.o
  CC      fs/ntfs3/attrlist.o
  CC      drivers/pci/endpoint/pci-epc-mem.o
  CC      net/core/dev_ioctl.o
  CC      sound/usb/stream.o
  CC      fs/nls/nls_cp857.o
  CC      fs/ntfs3/bitfunc.o
  CC      fs/ntfs3/bitmap.o
  AR      drivers/pci/endpoint/built-in.a
  CC      drivers/pci/controller/dwc/pcie-designware.o
  CC      fs/nls/nls_cp860.o
  CC      sound/usb/validate.o
  CC      mm/balloon_compaction.o
  CC      net/core/tso.o
  CC      fs/ntfs3/dir.o
  CC      sound/usb/media.o
  CC      fs/nls/nls_cp861.o
  CC      net/core/sock_reuseport.o
  CC      net/core/fib_notifier.o
  CC      fs/ntfs3/fsntfs.o
  CC      drivers/pci/controller/dwc/pcie-designware-host.o
  CC      fs/nls/nls_cp862.o
  CC      sound/usb/midi.o
  CC      mm/page_ext.o
  CC      fs/nls/nls_cp863.o
  CC      net/core/xdp.o
  CC      fs/ntfs3/frecord.o
  CC      net/core/flow_offload.o
  CC      drivers/pci/controller/dwc/pcie-designware-ep.o
  CC      drivers/pci/controller/dwc/pcie-designware-plat.o
  CC      fs/nls/nls_cp864.o
  AR      sound/usb/built-in.a
  AR      sound/sparc/built-in.a
  AR      sound/spi/built-in.a
  CC      mm/cma_debug.o
  AR      sound/parisc/built-in.a
  AR      sound/pcmcia/vx/built-in.a
  AR      sound/pcmcia/pdaudiocf/built-in.a
  AR      sound/pcmcia/built-in.a
  AR      sound/mips/built-in.a
  AR      sound/soc/codecs/built-in.a
  AR      sound/soc/generic/built-in.a
  AR      sound/soc/adi/built-in.a
  AR      sound/soc/amd/built-in.a
  AR      sound/soc/atmel/built-in.a
  AR      sound/soc/au1x/built-in.a
  AR      sound/soc/bcm/built-in.a
  AR      sound/soc/cirrus/built-in.a
  AR      sound/soc/dwc/built-in.a
  AR      sound/soc/fsl/built-in.a
  AR      sound/soc/hisilicon/built-in.a
  AR      sound/soc/jz4740/built-in.a
  AR      sound/soc/img/built-in.a
  AR      sound/soc/intel/common/built-in.a
  AR      sound/soc/intel/boards/built-in.a
  AR      sound/soc/intel/built-in.a
  AR      sound/soc/mediatek/built-in.a
  AR      sound/soc/meson/built-in.a
  AR      sound/soc/mxs/built-in.a
  AR      sound/soc/kirkwood/built-in.a
  AR      sound/soc/pxa/built-in.a
  AR      sound/soc/qcom/built-in.a
  AR      sound/soc/rockchip/built-in.a
  AR      sound/soc/samsung/built-in.a
  AR      sound/soc/sh/built-in.a
  AR      sound/soc/sirf/built-in.a
  AR      sound/soc/sof/built-in.a
  AR      sound/soc/spear/built-in.a
  AR      sound/soc/sprd/built-in.a
  AR      sound/soc/sti/built-in.a
  AR      sound/soc/stm/built-in.a
  AR      sound/soc/sunxi/built-in.a
  AR      sound/soc/tegra/built-in.a
  CC      fs/ntfs3/file.o
  AR      sound/soc/ti/built-in.a
  AR      sound/soc/txx9/built-in.a
  AR      sound/soc/uniphier/built-in.a
  AR      sound/soc/ux500/built-in.a
  AR      sound/soc/xilinx/built-in.a
  AR      sound/soc/xtensa/built-in.a
  AR      sound/soc/zte/built-in.a
  CC      fs/nls/nls_cp865.o
  CC      sound/soc/soc-core.o
  AR      sound/atmel/built-in.a
  CC      drivers/pci/controller/dwc/pcie-qcom.o
  CC      mm/cma_sysfs.o
  CC      mm/userfaultfd.o
  CC      net/core/net-sysfs.o
  CC      net/core/page_pool.o
  CC      fs/nls/nls_cp866.o
  CC      mm/frame_vector.o
  CC      fs/ntfs3/fslog.o
  CC      drivers/pci/controller/dwc/pcie-kirin.o
  CC      fs/nls/nls_cp869.o
  CC      fs/nls/nls_cp874.o
  CC      mm/usercopy.o
  CC      drivers/pci/controller/dwc/pcie-al.o
  CC      sound/soc/soc-dapm.o
  CC      sound/soc/soc-jack.o
  CC      fs/nls/nls_cp932.o
  CC      fs/nls/nls_euc-jp.o
  CC      fs/ntfs3/inode.o
  CC      net/core/net-procfs.o
  CC      drivers/pci/controller/dwc/pcie-hisi.o
  CC      fs/nls/nls_cp936.o
  CC      mm/hmm.o
  CC      fs/nls/nls_cp949.o
  CC      net/core/skmsg.o
  CC      fs/ntfs3/index.o
  CC      fs/ntfs3/lznt.o
  AR      drivers/pci/controller/dwc/built-in.a
  AR      drivers/pci/controller/mobiveil/built-in.a
  CC      drivers/pci/controller/pci-host-common.o
  CC      fs/nls/nls_cp950.o
  CC      sound/soc/soc-utils.o
  CC      drivers/pci/controller/pci-host-generic.o
  CC      sound/soc/soc-dai.o
  CC      fs/ntfs3/namei.o
  CC      fs/nls/nls_cp1250.o
  CC      mm/memfd.o
  CC      net/core/fib_rules.o
  CC      drivers/pci/controller/pci-thunder-ecam.o
  CC      sound/soc/soc-component.o
  CC      fs/nls/nls_cp1251.o
  CC      fs/nls/nls_ascii.o
  CC      fs/ntfs3/record.o
  CC      sound/soc/soc-pcm.o
  CC      drivers/pci/controller/pci-thunder-pem.o
  CC      mm/page_reporting.o
  CC      fs/nls/nls_iso8859-1.o
  CC      fs/nls/nls_iso8859-2.o
  CC      fs/ntfs3/run.o
  CC      fs/ntfs3/super.o
  CC      drivers/pci/controller/pci-xgene.o
  CC      fs/nls/nls_iso8859-3.o
  CC      fs/nls/nls_iso8859-4.o
  CC      net/core/net-traces.o
  CC      sound/soc/soc-devres.o
  AR      mm/built-in.a
  CC      fs/ntfs3/upcase.o
  CC      fs/nls/nls_iso8859-5.o
  AR      sound/hda/built-in.a
  CC      fs/ntfs3/xattr.o
  CC      fs/ntfs3/lib/decompress_common.o
  CC      fs/ntfs3/lib/lzx_decompress.o
  AR      drivers/pci/controller/built-in.a
  AR      drivers/pci/switch/built-in.a
  CC      drivers/pci/access.o
  AR      sound/x86/built-in.a
  CC      drivers/pci/bus.o
  CC      fs/nls/nls_iso8859-6.o
  CC      fs/nls/nls_iso8859-7.o
  CC      net/ethernet/eth.o
  CC      fs/ntfs3/lib/xpress_decompress.o
  CC      sound/soc/soc-ops.o
  CC      net/802/p8022.o
  CC      drivers/pci/probe.o
  CC      fs/nls/nls_cp1255.o
  AR      fs/ntfs3/built-in.a
  CC      fs/fuse/dev.o
  CC      drivers/pci/host-bridge.o
  CC      fs/nls/nls_iso8859-9.o
  CC      sound/soc/soc-link.o
  CC      net/core/ptp_classifier.o
  CC      net/802/psnap.o
  AR      net/ethernet/built-in.a
  CC      net/802/stp.o
  CC      fs/nls/nls_iso8859-13.o
  CC      drivers/pci/remove.o
  CC      drivers/pci/pci.o
  CC      fs/nls/nls_iso8859-14.o
  CC      fs/fuse/dir.o
  CC      sound/soc/soc-card.o
  CC      fs/nls/nls_iso8859-15.o
  CC      sound/soc/soc-topology.o
  CC      net/core/netprio_cgroup.o
  CC      net/core/sock_map.o
  AR      net/802/built-in.a
  CC      net/core/dst_cache.o
  CC      fs/nls/nls_koi8-r.o
  CC      drivers/pci/pci-driver.o
  CC      sound/soc/soc-generic-dmaengine-pcm.o
  CC      fs/fuse/file.o
  CC      fs/nls/nls_koi8-u.o
  CC      net/core/gro_cells.o
  CC      sound/soc/soc-compress.o
  CC      fs/nls/nls_koi8-ru.o
  CC      drivers/pci/search.o
  CC      fs/fuse/inode.o
  CC      fs/fuse/control.o
  CC      net/core/bpf_sk_storage.o
  CC      fs/nls/nls_utf8.o
  CC      fs/nls/mac-celtic.o
  AR      sound/soc/built-in.a
  AR      sound/xen/built-in.a
  CC      sound/sound_core.o
  CC      drivers/pci/pci-sysfs.o
  CC      fs/nls/mac-centeuro.o
  CC      fs/nls/mac-croatian.o
  CC      fs/fuse/xattr.o
  CC      drivers/pci/rom.o
  CC      sound/last.o
  CC      fs/nls/mac-cyrillic.o
  CC      fs/fuse/acl.o
  CC      fs/nls/mac-gaelic.o
  CC      drivers/pci/setup-res.o
  AR      net/core/built-in.a
  CC      net/sched/sch_generic.o
  AR      sound/built-in.a
  CC      fs/fuse/readdir.o
  CC      fs/nls/mac-greek.o
  CC      fs/nls/mac-iceland.o
  CC      drivers/pci/irq.o
  CC      virt/lib/irqbypass.o
  AR      drivers/idle/built-in.a
  CC      drivers/pci/vpd.o
  CC      drivers/pci/setup-bus.o
  AR      drivers/char/ipmi/built-in.a
  CC      fs/nls/mac-inuit.o
  CC      fs/nls/mac-romanian.o
  AR      virt/lib/built-in.a
  AR      virt/built-in.a
  CC      drivers/pci/vc.o
  CC      fs/fuse/passthrough.o
  CC      fs/nls/mac-roman.o
  CC      fs/fuse/backing.o
  CC      net/sched/sch_mq.o
  CC      net/sched/sch_api.o
  CC      net/sched/sch_blackhole.o
  CC      fs/nls/mac-turkish.o
  CC      drivers/amba/bus.o
  CC      drivers/pci/mmap.o
  CC      net/netlink/af_netlink.o
  CC      net/netlink/genetlink.o
  CC      fs/fuse/virtio_fs.o
  CC      net/bpf/test_run.o
  AR      fs/nls/built-in.a
  CC      net/ethtool/ioctl.o
  CC      drivers/pci/setup-irq.o
  AR      drivers/amba/built-in.a
  AR      drivers/clk/actions/built-in.a
  AR      drivers/clk/analogbits/built-in.a
  AR      drivers/clk/bcm/built-in.a
  CC      drivers/clk/hisilicon/clk.o
  CC      drivers/pci/proc.o
  AR      fs/fuse/built-in.a
  CC      fs/overlayfs/super.o
  AR      net/bpf/built-in.a
  CC      fs/overlayfs/namei.o
  CC      net/sched/cls_api.o
  CC      net/netlink/policy.o
  CC      net/ethtool/common.o
  CC      drivers/pci/slot.o
  CC      net/ethtool/netlink.o
  CC      drivers/clk/hisilicon/clkgate-separated.o
  CC      drivers/clk/hisilicon/clkdivider-hi6220.o
  CC      fs/overlayfs/util.o
  AR      net/netlink/built-in.a
  CC      net/sched/act_api.o
  CC      net/ethtool/bitset.o
  CC      drivers/clk/hisilicon/clk-hisi-phase.o
  CC      fs/overlayfs/inode.o
  CC      drivers/pci/of.o
  CC      drivers/pci/quirks.o
  CC      net/ethtool/strset.o
  CC      fs/overlayfs/file.o
  CC      net/ethtool/linkinfo.o
  CC      drivers/clk/hisilicon/crg-hi3516cv300.o
  CC      net/sched/act_police.o
  CC      drivers/pci/msi.o
  CC      net/sched/act_gact.o
  CC      fs/overlayfs/dir.o
  CC      drivers/clk/hisilicon/clk-hi3519.o
  CC      net/ethtool/linkmodes.o
  CC      drivers/clk/hisilicon/clk-hi3660.o
  CC      drivers/clk/hisilicon/clk-hi3670.o
  CC      net/sched/act_mirred.o
  CC      net/sched/act_skbedit.o
  CC      drivers/pci/ats.o
  CC      fs/overlayfs/readdir.o
  CC      drivers/clk/hisilicon/crg-hi3798cv200.o
  CC      drivers/clk/hisilicon/clk-hi6220.o
  CC      drivers/clk/hisilicon/reset.o
  CC      net/ethtool/linkstate.o
  CC      fs/overlayfs/copy_up.o
  CC      drivers/clk/hisilicon/clk-hi6220-stub.o
  CC      drivers/pci/iov.o
  CC      fs/incfs/data_mgmt.o
  CC      net/sched/act_bpf.o
  CC      drivers/pci/syscall.o
  CC      fs/debugfs/inode.o
  CC      drivers/clk/hisilicon/clk-hi3660-stub.o
  CC      net/ethtool/debug.o
  CC      fs/overlayfs/export.o
  CC      fs/incfs/format.o
  CC      fs/debugfs/file.o
  CC      drivers/pci/ecam.o
  CC      net/sched/sch_fifo.o
  CC      fs/incfs/integrity.o
  AR      drivers/clk/hisilicon/built-in.a
  AR      drivers/clk/imgtec/built-in.a
  AR      drivers/clk/imx/built-in.a
  AR      drivers/clk/ingenic/built-in.a
  AR      drivers/clk/mediatek/built-in.a
  AR      drivers/clk/mvebu/built-in.a
  AR      drivers/clk/renesas/built-in.a
  AR      drivers/clk/sprd/built-in.a
  AR      drivers/clk/sunxi/built-in.a
  AR      fs/overlayfs/built-in.a
  AR      drivers/clk/ti/built-in.a
  CC      net/sched/sch_htb.o
  AR      drivers/clk/versatile/built-in.a
  CC      drivers/clk/clk-devres.o
  CC      net/ethtool/wol.o
  CC      net/ethtool/features.o
  CC      fs/incfs/main.o
  AR      fs/debugfs/built-in.a
  CC      fs/incfs/pseudo_files.o
  CC      drivers/clk/clk-bulk.o
  AR      drivers/pci/built-in.a
  AR      drivers/dma/mediatek/built-in.a
  AR      drivers/dma/qcom/built-in.a
  AR      drivers/dma/ti/built-in.a
  AR      drivers/dma/xilinx/built-in.a
  CC      drivers/dma/dmaengine.o
  CC      net/sched/sch_ingress.o
  AR      drivers/soc/bcm/built-in.a
  AR      drivers/soc/fsl/built-in.a
  AR      drivers/soc/imx/built-in.a
  AR      drivers/soc/mediatek/built-in.a
  AR      drivers/soc/amlogic/built-in.a
  CC      drivers/soc/qcom/smem_state.o
  CC      fs/incfs/sysfs.o
  CC      net/sched/sch_sfq.o
  CC      net/ethtool/privflags.o
  CC      drivers/clk/clkdev.o
  CC      fs/incfs/vfs.o
  CC      fs/incfs/verity.o
  CC      drivers/dma/virt-dma.o
  AR      drivers/soc/qcom/built-in.a
  AR      drivers/soc/renesas/built-in.a
  CC      drivers/soc/sunxi/sunxi_sram.o
  CC      net/ethtool/rings.o
  CC      net/ethtool/channels.o
  CC      net/sched/sch_tbf.o
  CC      drivers/clk/clk.o
  CC      drivers/dma/of-dma.o
  AR      fs/incfs/built-in.a
  CC      fs/tracefs/inode.o
  CC      fs/f2fs/dir.o
  AR      drivers/soc/sunxi/built-in.a
  AR      drivers/soc/ti/built-in.a
  AR      drivers/soc/xilinx/built-in.a
  CC      fs/f2fs/file.o
  AR      drivers/soc/built-in.a
  CC      net/ethtool/coalesce.o
  CC      net/sched/sch_prio.o
  CC      drivers/virtio/virtio.o
  AR      fs/tracefs/built-in.a
  CC      net/ethtool/pause.o
  AR      drivers/dma/built-in.a
  CC      net/ethtool/eee.o
  CC      drivers/virtio/virtio_ring.o
  CC      drivers/clk/clk-divider.o
  CC      net/sched/sch_multiq.o
  CC      drivers/clk/clk-fixed-factor.o
  CC      drivers/clk/clk-fixed-rate.o
  CC      drivers/regulator/core.o
  CC      net/ethtool/tsinfo.o
  CC      fs/f2fs/inode.o
  CC      net/sched/sch_netem.o
  CC      net/sched/sch_codel.o
  CC      net/sched/sch_fq_codel.o
  CC      drivers/clk/clk-gate.o
  AR      drivers/virtio/built-in.a
  CC      drivers/reset/hisilicon/hi6220_reset.o
  CC      net/ethtool/cabletest.o
  CC      fs/f2fs/namei.o
  CC      drivers/clk/clk-multiplier.o
  CC      drivers/reset/hisilicon/reset-hi3660.o
  CC      drivers/clk/clk-mux.o
  CC      net/sched/sch_fq.o
  CC      fs/pstore/inode.o
  CC      drivers/regulator/dummy.o
  AR      drivers/reset/hisilicon/built-in.a
  CC      drivers/reset/core.o
  CC      drivers/clk/clk-composite.o
  CC      fs/pstore/platform.o
  CC      drivers/clk/clk-fractional-divider.o
  CC      fs/f2fs/hash.o
  CC      drivers/regulator/fixed-helper.o
  CC      net/ethtool/tunnels.o
  CC      net/sched/cls_u32.o
  CC      drivers/clk/clk-gpio.o
  CC      drivers/reset/reset-scmi.o
  CC      fs/f2fs/super.o
  CC      fs/pstore/pmsg.o
  CC      drivers/clk/clk-conf.o
  CC      drivers/regulator/helpers.o
  CC      drivers/clk/clk-scpi.o
  CC      drivers/reset/reset-simple.o
  CC      net/sched/cls_fw.o
  AR      net/ethtool/built-in.a
  CC      fs/f2fs/inline.o
  CC      fs/pstore/ram.o
  CC      drivers/regulator/devres.o
  AR      drivers/clk/built-in.a
  CC      drivers/regulator/of_regulator.o
  CC      drivers/reset/reset-sunxi.o
  CC      drivers/regulator/fixed.o
  CC      net/sched/cls_basic.o
  CC      fs/pstore/ram_core.o
  CC      net/sched/cls_flow.o
  AR      drivers/reset/built-in.a
  AR      drivers/tty/vt/built-in.a
  CC      drivers/tty/hvc/hvc_dcc.o
  CC      fs/f2fs/checkpoint.o
  CC      drivers/tty/serial/8250/8250_core.o
  CC      drivers/tty/hvc/hvc_console.o
  AR      fs/pstore/built-in.a
  CC      drivers/tty/serial/8250/8250_port.o
  AR      drivers/regulator/built-in.a
  CC      fs/erofs/super.o
  CC      net/sched/cls_bpf.o
  CC      fs/f2fs/gc.o
  CC      net/sched/cls_matchall.o
  AR      drivers/tty/hvc/built-in.a
  CC      drivers/tty/serdev/core.o
  CC      fs/erofs/inode.o
  CC      fs/erofs/data.o
  CC      drivers/tty/serial/8250/8250_dma.o
  CC      drivers/tty/serial/8250/8250_pci.o
  CC      drivers/tty/serial/8250/8250_early.o
  CC      fs/f2fs/data.o
  CC      net/sched/ematch.o
  CC      net/sched/em_cmp.o
  CC      drivers/tty/serdev/serdev-ttyport.o
  CC      fs/erofs/namei.o
  CC      fs/f2fs/node.o
  CC      fs/erofs/dir.o
  CC      drivers/tty/serial/8250/8250_fsl.o
  AR      drivers/tty/serdev/built-in.a
  CC      fs/erofs/utils.o
  AR      drivers/tty/ipwireless/built-in.a
  CC      fs/open.o
  CC      net/sched/em_nbyte.o
  CC      fs/read_write.o
  CC      fs/erofs/pcpubuf.o
  CC      fs/erofs/xattr.o
  CC      drivers/tty/serial/8250/8250_of.o
  CC      drivers/tty/tty_io.o
  CC      fs/f2fs/segment.o
  CC      net/sched/em_u32.o
  CC      drivers/tty/serial/serial_core.o
  CC      drivers/tty/n_tty.o
  CC      fs/erofs/decompressor.o
  AR      drivers/tty/serial/8250/built-in.a
  CC      drivers/tty/serial/earlycon.o
  CC      fs/file_table.o
  CC      net/sched/em_meta.o
  CC      drivers/tty/tty_ioctl.o
  CC      drivers/tty/serial/amba-pl011.o
  CC      net/sched/em_text.o
  CC      fs/erofs/zmap.o
  CC      fs/f2fs/recovery.o
  CC      fs/f2fs/shrinker.o
  CC      fs/erofs/zdata.o
  AS      arch/arm64/lib/clear_page.o
  AR      net/sched/built-in.a
  CC      net/netfilter/core.o
  CC      net/netfilter/nf_log.o
  CC      net/netfilter/nf_queue.o
  CC      drivers/tty/serial/samsung_tty.o
  AS      arch/arm64/lib/clear_user.o
  CC      fs/f2fs/extent_cache.o
  CC      net/ipv4/netfilter/nf_defrag_ipv4.o
  AR      fs/erofs/built-in.a
  CC      fs/super.o
  CC      drivers/tty/serial/msm_geni_serial_earlycon.o
  AS      arch/arm64/lib/copy_from_user.o
  CC      net/ipv4/netfilter/nf_socket_ipv4.o
  CC      drivers/tty/serial/sprd_serial.o
  CC      net/netfilter/nf_sockopt.o
  CC      fs/f2fs/sysfs.o
  CC      net/netfilter/utils.o
  AS      arch/arm64/lib/copy_in_user.o
  AS      arch/arm64/lib/copy_page.o
  CC      net/ipv4/netfilter/nf_tproxy_ipv4.o
  CC      net/ipv4/netfilter/nf_reject_ipv4.o
  CC      drivers/tty/serial/serial_mctrl_gpio.o
  CC      fs/f2fs/debug.o
  AS      arch/arm64/lib/copy_to_user.o
  CC      fs/f2fs/xattr.o
  CC      arch/arm64/lib/csum.o
  CC      arch/arm64/lib/delay.o
  CC      net/netfilter/nfnetlink.o
  AR      drivers/tty/serial/built-in.a
  CC      drivers/tty/tty_ldisc.o
  CC      net/ipv4/netfilter/nf_nat_h323.o
  CC      fs/f2fs/acl.o
  AS      arch/arm64/lib/memchr.o
  CC      fs/f2fs/verity.o
  AS      arch/arm64/lib/memcmp.o
  AS      arch/arm64/lib/memcpy.o
  AS      arch/arm64/lib/memmove.o
  CC      fs/f2fs/compress.o
  CC      drivers/tty/tty_buffer.o
  CC      drivers/tty/tty_port.o
  AS      arch/arm64/lib/memset.o
  CC      drivers/tty/tty_mutex.o
  CC      net/ipv4/netfilter/nf_nat_pptp.o
  CC      net/ipv4/netfilter/ip_tables.o
  CC      net/netfilter/nfnetlink_queue.o
  AS      arch/arm64/lib/strchr.o
  CC      net/netfilter/nfnetlink_log.o
  CC      drivers/tty/tty_ldsem.o
  CC      drivers/tty/tty_baudrate.o
  AS      arch/arm64/lib/strcmp.o
  AR      fs/f2fs/built-in.a
  CC      fs/char_dev.o
  CC      net/ipv4/netfilter/iptable_filter.o
  CC      drivers/tty/tty_jobctrl.o
  CC      net/ipv4/netfilter/iptable_mangle.o
  AS      arch/arm64/lib/strlen.o
  CC      net/netfilter/nf_conntrack_core.o
  CC      net/netfilter/nf_conntrack_standalone.o
  CC      net/netfilter/nf_conntrack_expect.o
  AS      arch/arm64/lib/strncmp.o
  CC      fs/stat.o
  CC      drivers/tty/n_null.o
  AS      arch/arm64/lib/strnlen.o
  CC      net/ipv4/netfilter/iptable_nat.o
  AS      arch/arm64/lib/strrchr.o
  CC      drivers/tty/pty.o
  CC      drivers/tty/tty_audit.o
  AS      arch/arm64/lib/tishift.o
  CC      net/netfilter/nf_conntrack_helper.o
  CC      fs/exec.o
  CC      net/ipv4/netfilter/iptable_raw.o
  CC      fs/pipe.o
  CC      net/netfilter/nf_conntrack_proto.o
  CC      drivers/tty/sysrq.o
  CC      net/netfilter/nf_conntrack_proto_generic.o
  AS      arch/arm64/lib/crc32.o
  CC      arch/arm64/lib/error-inject.o
  CC      net/ipv4/netfilter/iptable_security.o
  AS      arch/arm64/lib/mte.o
  CC      net/netfilter/nf_conntrack_proto_tcp.o
  CC      net/netfilter/nf_conntrack_proto_udp.o
  CC      fs/namei.o
  AR      drivers/tty/built-in.a
  CC      drivers/char/hw_random/core.o
  AR      arch/arm64/lib/lib.a
  CC      fs/fcntl.o
  AR      arch/arm64/lib/built-in.a
  CC      drivers/char/hw_random/hisi-rng.o
  CC      lib/math/div64.o
  CC      net/ipv4/netfilter/ipt_REJECT.o
  CC      lib/crypto/chacha.o
  CC      lib/math/gcd.o
  CC      net/netfilter/nf_conntrack_proto_icmp.o
  AR      drivers/char/hw_random/built-in.a
  CC      fs/ioctl.o
  AR      drivers/char/agp/built-in.a
  CC      drivers/char/mem.o
  CC      drivers/char/random.o
  CC      lib/crypto/libchacha.o
  CC      lib/math/lcm.o
  CC      net/ipv4/netfilter/arp_tables.o
  CC      fs/readdir.o
  CC      lib/math/int_pow.o
  CC      drivers/char/misc.o
  CC      net/netfilter/nf_conntrack_extend.o
  CC      lib/crypto/aes.o
  CC      lib/math/int_sqrt.o
  CC [M]  drivers/char/xlogchar.o
  CC      fs/select.o
  CC      fs/dcache.o
  CC      lib/math/reciprocal_div.o
  CC      fs/inode.o
  CC      lib/crypto/arc4.o
  CC      net/ipv4/netfilter/arpt_mangle.o
  AR      drivers/char/built-in.a
  CC      lib/math/rational.o
  AR      drivers/iommu/amd/built-in.a
  AR      drivers/iommu/intel/built-in.a
  AR      drivers/iommu/arm/arm-smmu/built-in.a
  AR      drivers/iommu/arm/arm-smmu-v3/built-in.a
  AR      drivers/iommu/arm/built-in.a
  CC      drivers/iommu/iommu.o
  CC      net/netfilter/nf_conntrack_acct.o
  AR      lib/math/built-in.a
  CC      lib/zlib_inflate/inffast.o
  CC      fs/attr.o
  CC      lib/crypto/blake2s.o
  CC      lib/zlib_inflate/inflate.o
  CC      net/ipv4/netfilter/arptable_filter.o
  CC      lib/zlib_inflate/infutil.o
  CC      net/ipv4/netfilter/nf_dup_ipv4.o
  CC      lib/crypto/blake2s-generic.o
  CC      drivers/iommu/iommu-traces.o
  CC      net/netfilter/nf_conntrack_seqadj.o
  CC      lib/zlib_inflate/inftrees.o
  CC      lib/crypto/chacha20poly1305.o
  CC      fs/bad_inode.o
  CC      lib/crypto/curve25519-hacl64.o
  CC      lib/zlib_inflate/inflate_syms.o
  CC      fs/file.o
  CC      fs/filesystems.o
  CC      drivers/iommu/iommu-sysfs.o
  CC      lib/crypto/curve25519-generic.o
  AR      net/ipv4/netfilter/built-in.a
  CC      net/ipv4/route.o
  AR      lib/zlib_inflate/built-in.a
  CC      lib/crypto/curve25519.o
  CC      net/netfilter/nf_conntrack_proto_icmpv6.o
  CC      lib/crypto/des.o
  CC      drivers/iommu/dma-iommu.o
  CC      lib/crypto/poly1305-donna64.o
  CC      fs/namespace.o
  CC      net/netfilter/nf_conntrack_ecache.o
  LDS     scripts/module.lds
  CC      lib/crypto/poly1305.o
  CC      net/xfrm/xfrm_policy.o
  CC      drivers/iommu/io-pgtable.o
  CC      net/ipv4/inetpeer.o
  CC      lib/crypto/sha256.o
  CC      drivers/iommu/io-pgtable-arm-v7s.o
  CC      drivers/iommu/io-pgtable-arm.o
  CC      fs/seq_file.o
  CC      drivers/iommu/iova.o
  CC      net/ipv4/protocol.o
  AR      lib/crypto/built-in.a
  CC      lib/zlib_deflate/deflate.o
  CC      net/netfilter/nf_conntrack_proto_dccp.o
  CC      lib/zlib_deflate/deftree.o
  CC      net/netfilter/nf_conntrack_proto_sctp.o
  CC      lib/reed_solomon/reed_solomon.o
  CC      lib/zlib_deflate/deflate_syms.o
  CC      fs/xattr.o
  CC      net/xfrm/xfrm_state.o
  CC      drivers/iommu/of_iommu.o
  CC      lib/lzo/lzo1x_compress.o
  CC      net/ipv4/ip_input.o
  AR      lib/zlib_deflate/built-in.a
  CC      net/unix/af_unix.o
  CC      net/netfilter/nf_conntrack_proto_gre.o
  AR      lib/reed_solomon/built-in.a
  CC      net/unix/garbage.o
  AR      drivers/iommu/built-in.a
  CC      fs/libfs.o
  AR      drivers/gpu/drm/arm/built-in.a
  CC      drivers/gpu/drm/ttm/ttm_memory.o
  CC      lib/lzo/lzo1x_decompress_safe.o
  CC      net/netfilter/nf_conntrack_netlink.o
  CC      net/ipv4/ip_fragment.o
  CC      net/netfilter/nf_conntrack_amanda.o
  CC      net/xfrm/xfrm_hash.o
  CC      drivers/gpu/drm/ttm/ttm_tt.o
  CC      net/unix/sysctl_net_unix.o
  AR      lib/lzo/built-in.a
  CC      lib/lz4/lz4_compress.o
  CC      fs/fs-writeback.o
  CC      net/xfrm/xfrm_input.o
  CC      net/ipv4/ip_forward.o
  CC      drivers/gpu/drm/ttm/ttm_bo.o
  CC      lib/lz4/lz4hc_compress.o
  CC      net/unix/scm.o
  CC      drivers/gpu/drm/ttm/ttm_bo_util.o
  CC      net/netfilter/nf_conntrack_ftp.o
  CC      net/ipv4/ip_options.o
  CC      fs/pnode.o
  CC      lib/lz4/lz4_decompress.o
  CC      lib/zstd/zstd_compress_module.o
  CC      net/xfrm/xfrm_output.o
  CC      drivers/gpu/drm/ttm/ttm_bo_vm.o
  AR      net/unix/built-in.a
  CC      net/netfilter/nf_conntrack_h323_main.o
  CC      fs/splice.o
  AR      lib/lz4/built-in.a
  CC      lib/zstd/compress/fse_compress.o
  CC      lib/xz/xz_dec_syms.o
  CC      lib/xz/xz_dec_stream.o
  CC      lib/zstd/compress/hist.o
  CC      drivers/gpu/drm/ttm/ttm_module.o
  CC      lib/xz/xz_dec_lzma2.o
  CC      net/ipv4/ip_output.o
  CC      fs/sync.o
  CC      lib/zstd/compress/huf_compress.o
  CC      lib/xz/xz_dec_bcj.o
  CC      net/xfrm/xfrm_sysctl.o
  CC      drivers/gpu/drm/ttm/ttm_execbuf_util.o
  CC      fs/utimes.o
  AR      lib/xz/built-in.a
  CC      net/netfilter/nf_conntrack_h323_asn1.o
  CC      lib/mpi/generic_mpih-lshift.o
  CC      lib/zstd/compress/zstd_compress.o
  CC      net/netfilter/nf_conntrack_irc.o
  CC      lib/mpi/generic_mpih-mul1.o
  CC      drivers/gpu/drm/ttm/ttm_page_alloc.o
  CC      fs/d_path.o
  CC      net/xfrm/xfrm_replay.o
  CC      lib/mpi/generic_mpih-mul2.o
  CC      net/ipv4/ip_sockglue.o
  CC      lib/zstd/compress/zstd_compress_literals.o
  CC      drivers/gpu/drm/ttm/ttm_range_manager.o
  CC      lib/mpi/generic_mpih-mul3.o
  CC      lib/zstd/compress/zstd_compress_sequences.o
  CC      drivers/gpu/drm/ttm/ttm_resource.o
  CC      fs/stack.o
  CC      lib/zstd/compress/zstd_compress_superblock.o
  CC      lib/mpi/generic_mpih-rshift.o
  CC      net/netfilter/nf_conntrack_broadcast.o
  CC      net/xfrm/xfrm_device.o
  CC      net/ipv4/inet_hashtables.o
  CC      lib/zstd/compress/zstd_double_fast.o
  CC      fs/fs_struct.o
  CC      drivers/gpu/drm/ttm/ttm_page_alloc_dma.o
  CC      fs/statfs.o
  CC      lib/mpi/generic_mpih-sub1.o
  CC      net/xfrm/xfrm_proc.o
  CC      net/netfilter/nf_conntrack_netbios_ns.o
  CC      lib/mpi/generic_mpih-add1.o
  CC      lib/zstd/compress/zstd_fast.o
  CC      net/ipv4/inet_timewait_sock.o
  CC      fs/fs_pin.o
  AR      drivers/gpu/drm/ttm/built-in.a
  AR      drivers/gpu/drm/rcar-du/built-in.a
  AR      drivers/gpu/drm/omapdrm/dss/built-in.a
  AR      drivers/gpu/drm/omapdrm/displays/built-in.a
  AR      drivers/gpu/drm/omapdrm/built-in.a
  AR      drivers/gpu/drm/tilcdc/built-in.a
  AR      drivers/gpu/drm/imx/built-in.a
  AR      drivers/gpu/drm/i2c/built-in.a
  AR      drivers/gpu/drm/panel/built-in.a
  AR      drivers/gpu/drm/bridge/analogix/built-in.a
  AR      drivers/gpu/drm/bridge/cadence/built-in.a
  AR      drivers/gpu/drm/bridge/synopsys/built-in.a
  AR      drivers/gpu/drm/bridge/built-in.a
  AR      drivers/gpu/drm/hisilicon/built-in.a
  AR      drivers/gpu/drm/tiny/built-in.a
  AR      drivers/gpu/drm/xlnx/built-in.a
  CC      lib/mpi/ec.o
  CC      drivers/gpu/drm/drm_bridge_connector.o
  CC      drivers/gpu/drm/drm_crtc_helper.o
  CC      net/xfrm/xfrm_algo.o
  CC      fs/nsfs.o
  CC      net/netfilter/nf_conntrack_pptp.o
  CC      lib/zstd/compress/zstd_lazy.o
  CC      drivers/gpu/drm/drm_dp_helper.o
  CC      net/ipv4/inet_connection_sock.o
  CC      lib/mpi/mpicoder.o
  CC      fs/fs_types.o
  CC      net/xfrm/xfrm_user.o
  CC      net/netfilter/nf_conntrack_sane.o
  CC      net/xfrm/xfrm_ipcomp.o
  CC      fs/fs_context.o
  CC      lib/mpi/mpi-add.o
  CC      drivers/gpu/drm/drm_dsc.o
  CC      lib/zstd/compress/zstd_ldm.o
  CC      net/netfilter/nf_conntrack_tftp.o
  CC      net/ipv4/tcp.o
  CC      lib/mpi/mpi-bit.o
  CC      net/xfrm/xfrm_interface_core.o
  CC      drivers/gpu/drm/drm_probe_helper.o
  CC      lib/zstd/compress/zstd_opt.o
  CC      fs/fs_parser.o
  CC      net/ipv4/tcp_input.o
  CC      lib/zstd/compress/zstd_preSplit.o
  CC      lib/mpi/mpi-cmp.o
  CC      lib/zstd/zstd_decompress_module.o
  CC      fs/fsopen.o
  AR      net/xfrm/built-in.a
  CC      net/netfilter/nf_nat_core.o
  CC      drivers/gpu/drm/drm_plane_helper.o
  CC      net/netfilter/nf_nat_proto.o
  CC      lib/zstd/decompress/huf_decompress.o
  CC      lib/mpi/mpi-sub-ui.o
  CC      fs/init.o
  CC      net/ipv4/tcp_output.o
  CC      drivers/gpu/drm/drm_dp_mst_topology.o
  CC      lib/zstd/decompress/zstd_ddict.o
  CC      net/ipv4/tcp_timer.o
  CC      fs/kernel_read_file.o
  CC      net/netfilter/nf_nat_helper.o
  CC      lib/zstd/decompress/zstd_decompress.o
  CC      lib/mpi/mpi-div.o
  CC      net/netfilter/nf_nat_redirect.o
  CC      lib/zstd/decompress/zstd_decompress_block.o
  CC      fs/remap_range.o
  CC      lib/mpi/mpi-inv.o
  CC      drivers/gpu/drm/drm_atomic_helper.o
  CC      lib/zstd/zstd_common_module.o
  CC      lib/zstd/common/debug.o
  CC      net/ipv4/tcp_ipv4.o
  CC      net/ipv4/tcp_minisocks.o
  CC      lib/mpi/mpi-mod.o
  CC      net/netfilter/nf_nat_masquerade.o
  CC      fs/susfs.o
  CC      lib/zstd/common/entropy_common.o
  CC      drivers/gpu/drm/drm_kms_helper_common.o
  CC      lib/zstd/common/error_private.o
  CC      lib/mpi/mpi-mul.o
  AR      drivers/gpu/vga/built-in.a
  CC      lib/mpi/mpih-cmp.o
  CC      lib/zstd/common/fse_decompress.o
  CC      fs/sus_su.o
  CC      drivers/gpu/drm/drm_dp_dual_mode_helper.o
  CC      net/ipv4/tcp_cong.o
  CC      net/ipv4/tcp_metrics.o
  CC      lib/zstd/common/zstd_common.o
  CC      lib/mpi/mpih-div.o
  CC      fs/buffer.o
  CC      lib/mpi/mpih-mul.o
  CC      net/netfilter/nf_nat_amanda.o
  AR      lib/zstd/built-in.a
  CC      net/netfilter/nf_nat_ftp.o
  CC      net/netfilter/nf_nat_irc.o
  CC      drivers/gpu/drm/drm_simple_kms_helper.o
  CC      lib/mpi/mpi-pow.o
  CC      fs/block_dev.o
  CC      net/netfilter/nf_nat_tftp.o
  CC      lib/mpi/mpiutil.o
  CC      net/ipv4/tcp_fastopen.o
  CC      net/netfilter/nf_conncount.o
  CC      drivers/gpu/drm/drm_modeset_helper.o
  CC      fs/direct-io.o
  CC      net/netfilter/x_tables.o
  CC      fs/mpage.o
  CC      net/netfilter/xt_tcpudp.o
  AR      lib/mpi/built-in.a
  CC      lib/fonts/fonts.o
  CC      drivers/gpu/drm/drm_scdc_helper.o
  CC      net/ipv4/tcp_rate.o
  CC      drivers/gpu/drm/drm_gem_framebuffer_helper.o
  CC      lib/fonts/font_8x16.o
  CC      lib/argv_split.o
  CC      fs/proc_namespace.o
  CC      fs/eventpoll.o
  CC      net/netfilter/xt_mark.o
  CC      net/netfilter/xt_connmark.o
  CC      net/netfilter/xt_nat.o
  AR      lib/fonts/built-in.a
  CC      lib/bug.o
  CC      drivers/gpu/drm/drm_atomic_state_helper.o
  CC      fs/anon_inodes.o
  CC      net/ipv4/tcp_recovery.o
  CC      net/ipv4/tcp_ulp.o
  CC      net/netfilter/xt_CLASSIFY.o
  CC      lib/clz_tab.o
  CC      lib/cmdline.o
  CC      drivers/gpu/drm/drm_damage_helper.o
  CC      drivers/gpu/drm/drm_format_helper.o
  CC      fs/signalfd.o
  CC      drivers/gpu/drm/drm_self_refresh_helper.o
  CC      lib/cpumask.o
  CC      drivers/gpu/drm/bridge/panel.o
  CC      net/netfilter/xt_CONNSECMARK.o
  CC      fs/timerfd.o
  CC      lib/ctype.o
  CC      net/ipv4/tcp_offload.o
  CC      net/ipv4/tcp_plb.o
  CC      lib/dec_and_lock.o
  CC      lib/decompress.o
  CC      drivers/gpu/drm/drm_fb_cma_helper.o
  CC      net/ipv4/datagram.o
  CC      net/ipv4/raw.o
  CC      fs/eventfd.o
  CC      net/netfilter/xt_CT.o
  CC      lib/decompress_inflate.o
  CC      lib/decompress_unlz4.o
  CC      drivers/gpu/drm/drm_auth.o
  CC      net/ipv4/udp.o
  CC      net/netfilter/xt_DSCP.o
  CC      fs/userfaultfd.o
  CC      net/ipv4/udplite.o
  CC      lib/decompress_unzstd.o
  CC      net/ipv4/udp_offload.o
  CC      net/ipv4/arp.o
  CC      drivers/gpu/drm/drm_cache.o
  CC      lib/dump_stack.o
  CC      net/netfilter/xt_NETMAP.o
  CC      fs/aio.o
  CC      net/ipv4/icmp.o
  CC      drivers/gpu/drm/drm_file.o
  CC      net/netfilter/xt_NFLOG.o
  CC      drivers/gpu/drm/drm_gem.o
  CC      lib/earlycpio.o
  CC      lib/extable.o
  CC      net/netfilter/xt_NFQUEUE.o
  CC      net/ipv4/devinet.o
  CC      fs/locks.o
  CC      lib/fdt.o
  CC      drivers/gpu/drm/drm_ioctl.o
  CC      lib/fdt_addresses.o
  CC      fs/binfmt_misc.o
  CC      lib/fdt_empty_tree.o
  CC      drivers/gpu/drm/drm_irq.o
  CC      net/netfilter/xt_REDIRECT.o
  CC      net/netfilter/xt_MASQUERADE.o
  CC      lib/fdt_ro.o
  CC      drivers/gpu/drm/drm_memory.o
  CC      lib/fdt_rw.o
  CC      fs/binfmt_script.o
  CC      net/ipv4/af_inet.o
  CC      fs/binfmt_elf.o
  CC      lib/fdt_strerror.o
  CC      lib/fdt_sw.o
  CC      net/netfilter/xt_SECMARK.o
  CC      net/ipv6/netfilter/ip6_tables.o
  CC      net/ipv6/netfilter/ip6table_filter.o
  CC      net/ipv6/netfilter/ip6table_mangle.o
  CC      lib/fdt_wip.o
  CC      drivers/gpu/drm/drm_drv.o
  CC      lib/flex_proportions.o
  CC      fs/compat_binfmt_elf.o
  CC      net/netfilter/xt_TPROXY.o
  CC      lib/idr.o
  CC      net/ipv6/af_inet6.o
  CC      drivers/gpu/drm/drm_sysfs.o
  CC      net/ipv4/igmp.o
  CC      drivers/gpu/drm/drm_hashtab.o
  CC      fs/mbcache.o
  CC      net/ipv6/netfilter/ip6table_raw.o
  CC      lib/irq_regs.o
  CC      net/netfilter/xt_TCPMSS.o
  CC      lib/is_single_threaded.o
  CC      lib/klist.o
  CC      fs/posix_acl.o
  CC      drivers/gpu/drm/drm_mm.o
  CC      lib/kobject.o
  CC      net/ipv6/netfilter/nf_defrag_ipv6_hooks.o
  CC      net/ipv4/fib_frontend.o
  CC      lib/kobject_uevent.o
  CC      net/netfilter/xt_TEE.o
  CC      net/netfilter/xt_TRACE.o
  CC      fs/coredump.o
  CC      drivers/gpu/drm/drm_crtc.o
  CC      lib/logic_pio.o
  CC      net/netfilter/xt_IDLETIMER.o
  CC      net/ipv6/netfilter/nf_conntrack_reasm.o
  CC      lib/memcat_p.o
  CC      net/ipv6/netfilter/nf_socket_ipv6.o
  CC      net/ipv6/netfilter/nf_tproxy_ipv6.o
  CC      drivers/gpu/drm/drm_fourcc.o
  CC      net/ipv4/fib_semantics.o
  CC      fs/drop_caches.o
  CC      net/netfilter/xt_bpf.o
  CC      lib/memneq.o
  CC      drivers/gpu/drm/drm_modes.o
  CC      fs/dcookies.o
  CC      lib/nmi_backtrace.o
  CC      net/netfilter/xt_comment.o
  CC      net/ipv6/netfilter/nf_reject_ipv6.o
  CC      drivers/gpu/drm/drm_edid.o
  CC      net/ipv6/netfilter/nf_dup_ipv6.o
  CC      lib/nodemask.o
  CC      drivers/gpu/drm/drm_encoder_slave.o
  CC      net/netfilter/xt_connlimit.o
  CC      net/ipv4/fib_trie.o
  AR      fs/built-in.a
  CC      net/ipv6/netfilter/ip6t_rpfilter.o
  CC      lib/plist.o
  CC      net/ipv6/netfilter/ip6t_REJECT.o
  CC      drivers/gpu/drm/drm_trace_points.o
  CC      drivers/gpu/drm/drm_prime.o
  CC      net/netfilter/xt_conntrack.o
  CC      lib/radix-tree.o
  CC      lib/ratelimit.o
  CC      lib/rbtree.o
  CC      net/ipv4/fib_notifier.o
  CC      lib/seq_buf.o
  AR      net/ipv6/netfilter/built-in.a
  CC      net/ipv6/anycast.o
  CC      lib/sha1.o
  CC      lib/show_mem.o
  CC      net/ipv4/inet_fragment.o
  CC      drivers/gpu/drm/drm_rect.o
  CC      net/netfilter/xt_dscp.o
  CC      drivers/gpu/drm/drm_vma_manager.o
  CC      lib/siphash.o
  CC      lib/string.o
  CC      net/ipv6/ip6_output.o
  CC      lib/timerqueue.o
  CC      net/netfilter/xt_ecn.o
  CC      drivers/gpu/drm/drm_flip_work.o
  CC      drivers/gpu/drm/drm_modeset_lock.o
  CC      net/ipv4/ping.o
  CC      net/netfilter/xt_esp.o
  CC      net/netfilter/xt_hashlimit.o
  CC      lib/vsprintf.o
  CC      net/ipv4/ip_tunnel_core.o
  CC      lib/win_minmax.o
  CC      lib/xarray.o
  CC      drivers/gpu/drm/drm_atomic.o
  CC      net/netfilter/xt_helper.o
  CC      net/ipv6/ip6_input.o
  CC      net/netfilter/xt_hl.o
  CC      net/netfilter/xt_iprange.o
  CC      lib/lockref.o
  CC      net/ipv6/addrconf.o
  CC      net/ipv4/gre_offload.o
  CC      net/ipv4/metrics.o
  CC      net/netfilter/xt_l2tp.o
  CC      lib/bcd.o
  CC      drivers/gpu/drm/drm_bridge.o
  CC      net/netfilter/xt_length.o
  CC      lib/sort.o
  CC      net/ipv6/addrlabel.o
  CC      net/netfilter/xt_limit.o
  CC      net/netfilter/xt_mac.o
  CC      lib/parser.o
  CC      drivers/gpu/drm/drm_framebuffer.o
  CC      net/ipv4/netlink.o
  CC      net/ipv4/nexthop.o
  CC      net/ipv6/route.o
  CC      net/ipv6/ip6_fib.o
  CC      lib/debug_locks.o
  CC      lib/random32.o
  CC      net/netfilter/xt_multiport.o
  CC      net/netfilter/xt_owner.o
  CC      drivers/gpu/drm/drm_connector.o
  CC      net/netfilter/xt_pkttype.o
  CC      lib/bust_spinlocks.o
  CC      net/ipv4/udp_tunnel_stub.o
  CC      lib/kasprintf.o
  CC      lib/bitmap.o
  CC      net/ipv6/ipv6_sockglue.o
  CC      net/ipv6/ndisc.o
  CC      net/netfilter/xt_policy.o
  CC      net/netfilter/xt_quota.o
  CC      drivers/gpu/drm/drm_blend.o
  CC      lib/scatterlist.o
  CC      lib/list_sort.o
  CC      net/netfilter/xt_quota2.o
  CC      net/ipv4/ip_tunnel.o
  CC      net/ipv4/sysctl_net_ipv4.o
  CC      drivers/gpu/drm/drm_encoder.o
  CC      drivers/gpu/drm/drm_mode_object.o
  CC      net/packet/af_packet.o
  CC      net/ipv6/udp.o
  CC      lib/uuid.o
  CC      net/netfilter/xt_socket.o
  CC      lib/iov_iter.o
  CC      drivers/gpu/drm/drm_property.o
  CC      drivers/gpu/drm/drm_plane.o
  CC      drivers/gpu/drm/drm_color_mgmt.o
  CC      net/ipv4/proc.o
  CC      net/netfilter/xt_state.o
  AR      net/packet/built-in.a
  CC      drivers/gpu/drm/drm_print.o
  CC      net/netfilter/xt_statistic.o
  CC      net/ipv6/udplite.o
  CC      drivers/gpu/drm/drm_dumb_buffers.o
  CC      drivers/gpu/drm/drm_mode_config.o
  CC      lib/clz_ctz.o
  CC      drivers/gpu/drm/drm_vblank.o
  CC      net/ipv4/fib_rules.o
  CC      net/netfilter/xt_string.o
  CC      drivers/gpu/drm/drm_syncobj.o
  CC      lib/bsearch.o
  CC      lib/find_bit.o
  CC      net/ipv6/raw.o
  CC      lib/llist.o
  CC      lib/memweight.o
  CC      net/netfilter/xt_time.o
  CC      net/netfilter/xt_u32.o
  CC      lib/kfifo.o
  CC      net/ipv4/ipip.o
  CC      drivers/gpu/drm/drm_lease.o
  CC      drivers/gpu/drm/drm_writeback.o
  CC      lib/percpu-refcount.o
  CC      net/ipv6/icmp.o
  CC      net/ipv6/mcast.o
  AR      net/netfilter/built-in.a
  CC      lib/rhashtable.o
  CC      drivers/gpu/drm/drm_client.o
  CC      net/ipv4/gre_demux.o
  CC      lib/once.o
  CC      net/ipv6/reassembly.o
  CC      drivers/gpu/drm/drm_client_modeset.o
  CC      lib/refcount.o
  CC      net/ipv6/tcp_ipv6.o
  CC      lib/usercopy.o
  CC      net/ipv4/ip_gre.o
  CC      lib/errseq.o
  CC      drivers/gpu/drm/drm_atomic_uapi.o
  CC      drivers/gpu/drm/drm_hdcp.o
  CC      drivers/gpu/drm/drm_managed.o
  CC      lib/bucket_locks.o
  CC      drivers/gpu/drm/drm_vblank_work.o
  CC      lib/generic-radix-tree.o
  CC      lib/string_helpers.o
  CC      net/ipv6/ping.o
  CC      net/ipv4/udp_tunnel_core.o
  CC      net/ipv4/udp_tunnel_nic.o
  CC      net/ipv4/ip_vti.o
  CC      net/ipv6/exthdrs.o
  CC      drivers/gpu/drm/drm_ioc32.o
  CC      lib/hexdump.o
  CC      net/ipv4/esp4.o
  CC      lib/kstrtox.o
  AR      drivers/gpu/mediatek/built-in.a
  CC      drivers/gpu/drm/drm_gem_cma_helper.o
  CC      drivers/gpu/drm/drm_gem_shmem_helper.o
  CC      lib/pci_iomap.o
  CC      drivers/gpu/drm/drm_panel.o
  CC      net/ipv4/tunnel4.o
  CC      drivers/gpu/drm/drm_of.o
  CC      net/ipv6/datagram.o
  CC      drivers/gpu/drm/drm_pci.o
  CC      drivers/gpu/drm/drm_debugfs.o
  CC      lib/iomap_copy.o
  CC      net/ipv4/netfilter.o
  CC      net/ipv4/inet_diag.o
  CC      drivers/gpu/trace/trace_gpu_mem.o
  CC      net/ipv6/ip6_flowlabel.o
  CC      lib/devres.o
  CC      net/ipv6/inet6_connection_sock.o
  CC      drivers/gpu/drm/drm_debugfs_crc.o
  CC      net/ipv6/udp_offload.o
  AR      drivers/gpu/trace/built-in.a
  CC      net/ipv4/tcp_diag.o
  CC      lib/hweight.o
  CC      net/ipv4/udp_diag.o
  CC      net/ipv6/seg6.o
  CC      net/ipv4/tcp_bbr.o
  CC      lib/interval_tree.o
  CC      lib/assoc_array.o
  CC      drivers/gpu/drm/drm_mipi_dsi.o
  CC      drivers/gpu/drm/drm_panel_orientation_quirks.o
  CC      net/ipv4/tcp_cubic.o
  CC      net/ipv4/tcp_bpf.o
  CC      lib/list_debug.o
  CC      lib/bitrev.o
  CC      net/ipv6/fib6_notifier.o
  CC      lib/linear_ranges.o
  CC      net/key/af_key.o
  CC      net/ipv4/udp_bpf.o
  AR      drivers/gpu/drm/built-in.a
  CC      lib/crc-ccitt.o
  AR      drivers/gpu/built-in.a
  CC      drivers/base/power/sysfs.o
  CC      lib/crc16.o
  HOSTCC  lib/gen_crc32table
  CC      net/ipv6/rpl.o
  CC      lib/libcrc32c.o
  CC      drivers/base/power/generic_ops.o
  CC      net/ipv4/xfrm4_policy.o
  CC      drivers/base/power/common.o
  CC      drivers/block/brd.o
  AR      drivers/misc/eeprom/built-in.a
  AR      drivers/misc/cb710/built-in.a
  AR      drivers/misc/ti-st/built-in.a
  AR      drivers/misc/lis3lv02d/built-in.a
  AR      drivers/misc/cardreader/built-in.a
  AR      net/key/built-in.a
  CC      drivers/mfd/act8945a.o
  AR      drivers/misc/mediatek/cam_log/built-in.a
  CC [M]  drivers/misc/mediatek/cam_log/cam_log.o
  CC      net/ipv6/sysctl_net_ipv6.o
  CC      lib/crc8.o
  CC      drivers/base/power/qos.o
  CC      drivers/block/loop.o
  CC      drivers/mfd/mfd-core.o
  CC      drivers/base/power/runtime.o
  CC      net/ipv4/xfrm4_state.o
  AR      drivers/misc/mediatek/built-in.a
  AR      drivers/misc/hwid/built-in.a
  CC      drivers/misc/sram.o
  CC      lib/xxhash.o
  CC      net/ipv6/xfrm6_policy.o
  CC      drivers/misc/uid_sys_stats.o
  CC      drivers/mfd/syscon.o
  CC      net/ipv4/xfrm4_input.o
  CC      drivers/base/power/wakeirq.o
  CC      net/ipv4/xfrm4_output.o
  CC      lib/genalloc.o
  AR      drivers/block/built-in.a
  AR      drivers/nfc/built-in.a
  CC      drivers/nvdimm/core.o
  AR      drivers/misc/built-in.a
  AR      drivers/dax/pmem/built-in.a
  AR      drivers/dax/hmem/built-in.a
  CC      drivers/dax/super.o
  CC      net/ipv6/xfrm6_state.o
  AR      drivers/mfd/built-in.a
  CC      drivers/base/power/main.o
  CC      lib/textsearch.o
  CC      drivers/base/power/wakeup.o
  CC      drivers/base/power/wakeup_stats.o
  CC      drivers/nvdimm/bus.o
  CC      net/ipv4/xfrm4_protocol.o
  CC      drivers/base/power/domain.o
  CC      drivers/dax/bus.o
  CC      lib/ts_kmp.o
  CC      net/ipv6/xfrm6_input.o
  CC      lib/ts_bm.o
  CC      drivers/base/power/domain_governor.o
  CC      drivers/base/power/clock_ops.o
  CC      drivers/nvdimm/dimm_devs.o
  AR      drivers/dax/built-in.a
  CC      drivers/base/power/boeffla_wl_blocker.o
  CC      lib/ts_fsm.o
  CC      lib/percpu_counter.o
  CC      lib/audit.o
  CC      net/ipv4/bpf_tcp_ca.o
  CC      lib/compat_audit.o
  CC      lib/error-inject.o
  CC      net/ipv6/xfrm6_output.o
  AR      drivers/base/power/built-in.a
  AR      drivers/base/firmware_loader/builtin/built-in.a
  CC      drivers/base/firmware_loader/fallback_table.o
  CC      drivers/base/firmware_loader/main.o
  CC      lib/syscall.o
  CC      drivers/base/regmap/regmap.o
  CC      drivers/nvdimm/dimm.o
  CC      drivers/base/regmap/regcache.o
  CC [M]  net/ipv4/tcp_bic.o
  CC      lib/dynamic_debug.o
  CC      drivers/nvdimm/region_devs.o
  CC      drivers/base/firmware_loader/fallback.o
  CC      net/ipv6/xfrm6_protocol.o
  CC      net/ipv6/netfilter.o
  CC      drivers/nvdimm/region.o
  CC [M]  net/ipv4/tcp_westwood.o
  AR      drivers/base/firmware_loader/built-in.a
  AR      drivers/base/test/built-in.a
  CC      drivers/base/regmap/regcache-rbtree.o
  CC      drivers/base/component.o
  CC      drivers/nvdimm/namespace_devs.o
  CC      drivers/base/core.o
  CC      drivers/base/regmap/regcache-flat.o
  CC      lib/errname.o
  CC      drivers/base/bus.o
  CC [M]  net/ipv4/tcp_htcp.o
  CC      lib/nlattr.o
  CC      lib/checksum.o
  CC      drivers/base/regmap/regmap-debugfs.o
  CC      net/ipv6/fib6_rules.o
  CC      lib/cpu_rmap.o
  CC      lib/dynamic_queue_limits.o
  CC      drivers/nvdimm/label.o
  CC      drivers/base/regmap/regmap-i2c.o
  CC      drivers/base/dd.o
  AR      net/ipv4/built-in.a
  AR      net/bridge/netfilter/built-in.a
  CC      net/bridge/br.o
  CC      drivers/base/syscore.o
  CC      drivers/base/driver.o
  CC      lib/glob.o
  CC      drivers/nvdimm/badrange.o
  CC      drivers/base/regmap/regmap-spi.o
  CC      drivers/base/class.o
  CC      net/ipv6/proc.o
  CC      drivers/base/platform.o
  CC      lib/strncpy_from_user.o
  CC      net/bridge/br_device.o
  CC      drivers/base/cpu.o
  CC      drivers/nvdimm/claim.o
  CC      drivers/base/regmap/regmap-mmio.o
  CC      drivers/base/firmware.o
  CC      lib/strnlen_user.o
  CC      net/ipv6/esp6.o
  CC      drivers/base/regmap/regmap-irq.o
  CC      drivers/base/init.o
  CC      drivers/nvdimm/btt_devs.o
  CC      net/bridge/br_fdb.o
  CC      net/bridge/br_forward.o
  CC      net/bridge/br_if.o
  CC      lib/net_utils.o
  CC      net/ipv6/ipcomp6.o
  AR      drivers/base/regmap/built-in.a
  CC      drivers/base/map.o
  CC      drivers/nvdimm/pmem.o
  CC      drivers/base/devres.o
  CC      net/bridge/br_input.o
  CC      net/ipv6/xfrm6_tunnel.o
  CC      lib/sg_pool.o
  CC      lib/memregion.o
  CC      net/ipv6/tunnel6.o
  CC      net/bridge/br_ioctl.o
  CC      drivers/nvdimm/btt.o
  CC      drivers/base/attribute_container.o
  CC      drivers/base/transport_class.o
  CC      lib/stackdepot.o
  CC      drivers/dma-buf/heaps/deferred-free-helper.o
  CC      net/ipv6/mip6.o
  CC      net/bridge/br_stp.o
  CC      drivers/base/topology.o
  CC      net/ipv6/ip6_vti.o
  CC      drivers/nvdimm/of_pmem.o
  CC      lib/bootconfig.o
  CC      drivers/dma-buf/heaps/page_pool.o
  CC      drivers/base/container.o
  CC      drivers/base/property.o
  CC      net/bridge/br_stp_bpdu.o
  AR      drivers/nvdimm/built-in.a
  AR      drivers/macintosh/built-in.a
  CC      net/bridge/br_stp_if.o
  CC      net/bridge/br_stp_timer.o
  CC      lib/asn1_decoder.o
  CC      drivers/base/cacheinfo.o
  CC      net/ipv6/sit.o
  AR      drivers/dma-buf/heaps/built-in.a
  CC      drivers/dma-buf/dma-buf.o
  CC      drivers/dma-buf/dma-fence.o
  CC      net/bridge/br_netlink.o
  GEN     lib/oid_registry_data.c
  CC      net/bridge/br_netlink_tunnel.o
  CC      lib/ucs2_string.o
  CC      net/bridge/br_arp_nd_proxy.o
  CC      drivers/base/swnode.o
  CC      lib/sbitmap.o
  CC      drivers/dma-buf/dma-fence-array.o
  CC      drivers/dma-buf/dma-fence-chain.o
  CC      net/bridge/br_sysfs_if.o
  CC      drivers/base/memory.o
  CC      drivers/base/module.o
  CC      net/bridge/br_sysfs_br.o
  CC      net/ipv6/ip6_tunnel.o
  CC      drivers/dma-buf/dma-fence-unwrap.o
  CC      drivers/dma-buf/dma-resv.o
  CC      drivers/dma-buf/seqno-fence.o
  AR      lib/lib.a
  GEN     lib/crc32table.h
  CC      lib/oid_registry.o
  CC      drivers/base/hypervisor.o
  CC      drivers/dma-buf/dma-heap.o
  CC      net/bridge/br_multicast.o
  CC      net/ipv6/ip6_gre.o
  CC      drivers/dma-buf/sync_file.o
  CC      drivers/dma-buf/dma-buf-sysfs-stats.o
  CC      lib/crc32.o
  CC      drivers/base/soc.o
  CC      net/ipv6/addrconf_core.o
  CC      net/bridge/br_mdb.o
  CC      drivers/base/pinctrl.o
  CC      drivers/base/devcoredump.o
  AR      drivers/dma-buf/built-in.a
  CC      drivers/scsi/ufs/ufshcd.o
  CC      net/ipv6/exthdrs_core.o
  AR      lib/built-in.a
  CC      net/ipv6/ip6_checksum.o
  CC      net/ipv6/ip6_icmp.o
  CC      drivers/base/platform-msi.o
  CC      net/ipv6/output_core.o
  AR      net/bridge/built-in.a
  CC      net/ipv6/protocol.o
  CC      net/can/af_can.o
  CC      drivers/base/arch_topology.o
  CC      net/ipv6/ip6_offload.o
  CC      net/ipv6/tcpv6_offload.o
  CC      net/ipv6/exthdrs_offload.o
  CC      net/ipv6/inet6_hashtables.o
  CC      net/ipv6/ip6_udp_tunnel.o
  CC      net/can/proc.o
  CC      drivers/scsi/ufs/ufs-sysfs.o
  AR      drivers/base/built-in.a
  AR      drivers/nvme/host/built-in.a
  AR      drivers/nvme/target/built-in.a
  AR      drivers/nvme/built-in.a
  CC      net/bluetooth/rfcomm/core.o
  CC      net/ipv6/mcast_snoop.o
  CC      drivers/scsi/scsi.o
  CC      net/bluetooth/hidp/core.o
  CC      net/can/raw.o
  CC      drivers/scsi/ufs/ufs-debugfs.o
  CC      net/can/bcm.o
  CC      drivers/scsi/hosts.o
  CC      net/bluetooth/rfcomm/sock.o
  CC      net/strparser/strparser.o
  CC      drivers/scsi/ufs/ufs_bsg.o
  AR      net/ipv6/built-in.a
  CC      net/l2tp/l2tp_core.o
  CC      net/can/gw.o
  CC      net/bluetooth/hidp/sock.o
  CC      drivers/scsi/scsi_ioctl.o
  CC      net/bluetooth/rfcomm/tty.o
  CC      drivers/scsi/scsicam.o
  CC      drivers/scsi/ufs/ufshcd-crypto.o
  AR      net/can/built-in.a
  CC      net/wireless/wext-core.o
  AR      net/bluetooth/hidp/built-in.a
  CC      drivers/scsi/ufs/ufshpb.o
  AR      net/strparser/built-in.a
  CC      drivers/scsi/ufs/tc-dwc-g210-pltfrm.o
  CC      net/tipc/addr.o
  AR      net/bluetooth/rfcomm/built-in.a
  CC      net/bluetooth/af_bluetooth.o
  CC      net/tipc/bcast.o
  CC      drivers/scsi/ufs/ufshcd-dwc.o
  CC      net/l2tp/l2tp_ppp.o
  CC      drivers/spi/spi.o
  CC      drivers/spmi/spmi.o
  CC      drivers/scsi/ufs/tc-dwc-g210.o
  CC      net/wireless/wext-proc.o
  CC      net/tipc/bearer.o
  CC      drivers/scsi/ufs/ufshcd-pci.o
  CC      net/bluetooth/hci_core.o
  CC      net/wireless/wext-spy.o
  AR      net/l2tp/built-in.a
  CC      net/bluetooth/hci_conn.o
  CC      drivers/spi/spi-mem.o
  CC      net/wireless/wext-priv.o
  AR      drivers/spmi/built-in.a
  CC      drivers/scsi/ufs/ufshcd-pltfrm.o
  CC      net/bluetooth/hci_event.o
  CC      net/tipc/core.o
  CC      drivers/scsi/ufs/ufs-hisi.o
  AR      net/wireless/built-in.a
  CC      net/rfkill/core.o
  AR      drivers/spi/built-in.a
  CC      net/6lowpan/core.o
  CC      net/6lowpan/iphc.o
  CC      net/tipc/link.o
  CC      net/tipc/discover.o
  CC      net/tipc/msg.o
  AR      drivers/scsi/ufs/built-in.a
  CC      drivers/scsi/scsi_error.o
  CC      net/bluetooth/mgmt.o
  AR      net/rfkill/built-in.a
  CC      drivers/scsi/scsi_lib.o
  CC      drivers/scsi/scsi_lib_dma.o
  CC      drivers/scsi/scsi_scan.o
  CC      net/6lowpan/nhc.o
  CC      net/tipc/name_distr.o
  CC      net/6lowpan/ndisc.o
  GEN     drivers/scsi/scsi_devinfo_tbl.c
  CC      drivers/scsi/scsi_devinfo.o
  CC      drivers/scsi/scsi_sysctl.o
  CC      net/bluetooth/hci_sock.o
  CC      net/tipc/subscr.o
  CC      net/6lowpan/nhc_dest.o
  CC      net/tipc/monitor.o
  CC      drivers/scsi/scsi_debugfs.o
  CC      net/6lowpan/nhc_fragment.o
  CC      drivers/net/wireguard/main.o
  CC      drivers/net/phy/mdio-boardinfo.o
  CC      net/tipc/name_table.o
  CC      net/6lowpan/nhc_hop.o
  CC      drivers/scsi/scsi_trace.o
  CC      drivers/scsi/scsi_logging.o
  CC      net/bluetooth/hci_sysfs.o
  CC      drivers/scsi/scsi_pm.o
  CC      drivers/net/wireguard/noise.o
  CC      drivers/net/phy/mdio_devres.o
  CC      net/6lowpan/nhc_ipv6.o
  CC      net/tipc/net.o
  AR      drivers/firewire/built-in.a
  CC      net/tipc/netlink.o
  CC      drivers/scsi/scsi_common.o
  CC      net/bluetooth/l2cap_core.o
  CC      drivers/net/wireguard/device.o
  CC      drivers/net/wireguard/peer.o
  CC      drivers/scsi/sd.o
  CC      drivers/net/phy/phylink.o
  CC      net/6lowpan/nhc_mobility.o
  CC      drivers/net/wireguard/timers.o
  CC      net/tipc/netlink_compat.o
  CC      drivers/net/wireguard/queueing.o
  CC      drivers/net/wireguard/send.o
  CC      drivers/scsi/scsi_sysfs.o
  CC      net/6lowpan/nhc_routing.o
  CC      net/6lowpan/nhc_udp.o
  CC      drivers/net/phy/phy.o
  CC      net/tipc/node.o
  CC      net/bluetooth/l2cap_sock.o
  CC      drivers/net/phy/phy-c45.o
  CC      drivers/net/wireguard/receive.o
  CC      drivers/net/wireguard/socket.o
  AR      net/6lowpan/built-in.a
  CC      net/ieee802154/6lowpan/core.o
  AR      drivers/scsi/built-in.a
  CC      net/ieee802154/netlink.o
  CC      drivers/net/phy/phy-core.o
  CC      drivers/net/phy/phy_device.o
  CC      drivers/uio/uio.o
  CC      net/tipc/socket.o
  CC      net/tipc/eth_media.o
  CC      drivers/net/wireguard/peerlookup.o
  CC      net/ieee802154/6lowpan/rx.o
  CC      net/bluetooth/smp.o
  AR      drivers/uio/built-in.a
  CC      net/ieee802154/6lowpan/reassembly.o
  CC      net/bluetooth/lib.o
  AR      drivers/cdrom/built-in.a
  AR      drivers/auxdisplay/built-in.a
  CC      drivers/net/phy/linkmode.o
  CC      drivers/net/wireguard/allowedips.o
  CC      net/ieee802154/6lowpan/tx.o
  CC      drivers/net/phy/mdio_bus.o
  CC      net/tipc/topsrv.o
  CC      net/tipc/group.o
  CC      drivers/net/phy/mdio_device.o
  CC      net/tipc/trace.o
  CC      drivers/net/wireguard/ratelimiter.o
  AR      net/ieee802154/6lowpan/built-in.a
  CC      net/ieee802154/nl-mac.o
  CC      net/bluetooth/ecdh_helper.o
  CC      net/ieee802154/nl-phy.o
  CC      net/tipc/udp_media.o
  CC      net/bluetooth/hci_request.o
  CC      drivers/net/phy/swphy.o
  CC      net/tipc/sysctl.o
  CC      drivers/net/wireguard/cookie.o
  CC      net/tipc/crypto.o
  CC      net/ieee802154/nl_policy.o
  CC      net/ieee802154/core.o
  CC      net/tipc/diag.o
  CC      drivers/net/phy/fixed_phy.o
  CC      drivers/net/wireguard/netlink.o
  CC      net/bluetooth/mgmt_util.o
  CC      net/bluetooth/mgmt_config.o
  CC      net/ieee802154/header_ops.o
  CC      net/mac802154/main.o
  CC      net/ieee802154/sysfs.o
  AR      net/tipc/built-in.a
  CC      net/nfc/core.o
  CC      net/vmw_vsock/af_vsock.o
  AR      drivers/net/phy/built-in.a
  AR      drivers/net/wireguard/built-in.a
  CC      net/vmw_vsock/af_vsock_tap.o
  CC      drivers/net/mdio/of_mdio.o
  CC      net/bluetooth/sco.o
  CC      net/nfc/netlink.o
  CC      net/ieee802154/nl802154.o
  CC      net/mac802154/rx.o
  CC      net/bluetooth/hci_debugfs.o
  CC      net/nfc/af_nfc.o
  AR      drivers/net/mdio/built-in.a
  AR      drivers/net/pcs/built-in.a
  CC      drivers/net/can/dev/dev.o
  CC      net/vmw_vsock/vsock_addr.o
  CC      drivers/net/can/dev/rx-offload.o
  CC      net/ieee802154/trace.o
  CC      net/ieee802154/socket.o
  CC      net/mac802154/tx.o
  AR      net/bluetooth/built-in.a
  CC      net/vmw_vsock/diag.o
  CC      net/xdp/xsk.o
  CC      net/xdp/xdp_umem.o
  CC      net/nfc/rawsock.o
  CC      net/nfc/llcp_core.o
  CC      net/mac802154/mac_cmd.o
  AR      drivers/net/can/dev/built-in.a
  AR      drivers/net/can/rcar/built-in.a
  AR      drivers/net/can/spi/mcp251xfd/built-in.a
  AR      drivers/net/can/spi/built-in.a
  AR      drivers/net/can/usb/built-in.a
  AR      drivers/net/can/softing/built-in.a
  AR      drivers/net/can/built-in.a
  AR      drivers/net/dsa/b53/built-in.a
  AR      drivers/net/dsa/microchip/built-in.a
  AR      drivers/net/dsa/mv88e6xxx/built-in.a
  AR      net/ieee802154/built-in.a
  AR      drivers/net/dsa/ocelot/built-in.a
  AR      drivers/net/dsa/qca/built-in.a
  AR      drivers/net/dsa/sja1105/built-in.a
  CC      net/devres.o
  AR      drivers/net/dsa/built-in.a
  AR      drivers/net/ethernet/3com/built-in.a
  CC      net/vmw_vsock/virtio_transport_common.o
  AR      drivers/net/ethernet/8390/built-in.a
  AR      drivers/net/ethernet/adaptec/built-in.a
  AR      drivers/net/ethernet/agere/built-in.a
  AR      drivers/net/ethernet/alacritech/built-in.a
  AR      drivers/net/ethernet/allwinner/built-in.a
  AR      drivers/net/ethernet/alteon/built-in.a
  AR      drivers/net/ethernet/amazon/built-in.a
  AR      drivers/net/ethernet/amd/built-in.a
  AR      drivers/net/ethernet/aquantia/built-in.a
  AR      drivers/net/ethernet/arc/built-in.a
  AR      drivers/net/ethernet/atheros/built-in.a
  AR      drivers/net/ethernet/aurora/built-in.a
  AR      drivers/net/ethernet/cadence/built-in.a
  AR      drivers/net/ethernet/broadcom/built-in.a
  AR      drivers/net/ethernet/brocade/built-in.a
  AR      drivers/net/ethernet/cavium/common/built-in.a
  AR      drivers/net/ethernet/cavium/thunder/built-in.a
  AR      drivers/net/ethernet/cavium/liquidio/built-in.a
  AR      drivers/net/ethernet/cavium/octeon/built-in.a
  AR      drivers/net/ethernet/cavium/built-in.a
  CC      net/xdp/xsk_queue.o
  AR      drivers/net/ethernet/chelsio/built-in.a
  AR      drivers/net/ethernet/cisco/built-in.a
  AR      drivers/net/ethernet/cortina/built-in.a
  AR      drivers/net/ethernet/dec/built-in.a
  AR      drivers/net/ethernet/dlink/built-in.a
  AR      drivers/net/ethernet/emulex/built-in.a
  AR      drivers/net/ethernet/ezchip/built-in.a
  AR      drivers/net/ethernet/google/built-in.a
  AR      drivers/net/ethernet/hisilicon/built-in.a
  AR      drivers/net/ethernet/huawei/built-in.a
  AR      drivers/net/ethernet/intel/built-in.a
  CC      drivers/net/ppp/ppp_generic.o
  AR      drivers/net/ethernet/i825xx/built-in.a
  AR      drivers/net/ethernet/marvell/octeontx2/built-in.a
  AR      drivers/net/ethernet/marvell/prestera/built-in.a
  AR      drivers/net/ethernet/marvell/built-in.a
  AR      drivers/net/ethernet/mellanox/built-in.a
  CC      net/mac802154/mib.o
  AR      drivers/net/ethernet/micrel/built-in.a
  AR      drivers/net/ethernet/microchip/built-in.a
  AR      drivers/net/ethernet/mscc/built-in.a
  AR      drivers/net/ethernet/myricom/built-in.a
  AR      drivers/net/ethernet/natsemi/built-in.a
  AR      drivers/net/ethernet/neterion/built-in.a
  AR      drivers/net/ethernet/netronome/built-in.a
  AR      drivers/net/ethernet/ni/built-in.a
  AR      drivers/net/ethernet/nvidia/built-in.a
  AR      drivers/net/ethernet/oki-semi/built-in.a
  AR      drivers/net/ethernet/packetengines/built-in.a
  AR      drivers/net/ethernet/qlogic/built-in.a
  AR      drivers/net/ethernet/qualcomm/emac/built-in.a
  AR      drivers/net/ethernet/qualcomm/built-in.a
  AR      drivers/net/ethernet/realtek/built-in.a
  AR      drivers/net/ethernet/renesas/built-in.a
  AR      drivers/net/ethernet/rdc/built-in.a
  AR      drivers/net/ethernet/rocker/built-in.a
  AR      drivers/net/ethernet/samsung/built-in.a
  AR      drivers/net/ethernet/seeq/built-in.a
  AR      drivers/net/ethernet/silan/built-in.a
  CC      net/nfc/llcp_commands.o
  AR      drivers/net/ethernet/sis/built-in.a
  CC      net/xdp/xskmap.o
  AR      drivers/net/ethernet/sfc/built-in.a
  AR      drivers/net/ethernet/smsc/built-in.a
  AR      drivers/net/ethernet/socionext/built-in.a
  AR      drivers/net/ethernet/stmicro/built-in.a
  AR      drivers/net/ethernet/sun/built-in.a
  AR      drivers/net/ethernet/tehuti/built-in.a
  AR      drivers/net/ethernet/ti/built-in.a
  AR      drivers/net/ethernet/via/built-in.a
  AR      drivers/net/ethernet/wiznet/built-in.a
  AR      drivers/net/ethernet/xilinx/built-in.a
  AR      drivers/net/ethernet/synopsys/built-in.a
  AR      drivers/net/ethernet/pensando/built-in.a
  AR      drivers/net/ethernet/built-in.a
  CC      drivers/net/slip/slhc.o
  CC      net/socket.o
  CC      net/xdp/xsk_buff_pool.o
  CC      net/mac802154/iface.o
  CC      net/mac802154/llsec.o
  CC      net/vmw_vsock/vsock_loopback.o
  CC      net/nfc/llcp_sock.o
  CC      drivers/net/ppp/bsd_comp.o
  CC      net/mac802154/util.o
  AR      drivers/net/slip/built-in.a
  AR      drivers/net/wireless/microchip/built-in.a
  AR      net/vmw_vsock/built-in.a
  CC      net/compat.o
  AR      drivers/net/wireless/built-in.a
  AR      drivers/net/ieee802154/built-in.a
  CC      drivers/net/usb/rtl8150.o
  AR      net/xdp/built-in.a
  CC      net/sysctl_net.o
  CC      drivers/net/ppp/ppp_deflate.o
  CC      drivers/net/ppp/ppp_mppe.o
  AR      net/nfc/built-in.a
  CC      drivers/net/ppp/pppox.o
  CC      drivers/net/ppp/pptp.o
  CC      drivers/net/usb/r8152.o
  CC      drivers/usb/common/common.o
  CC      drivers/usb/common/debug.o
  CC      net/mac802154/cfg.o
  CC      net/mac802154/trace.o
  CC      drivers/usb/core/usb.o
  CC      drivers/usb/core/hub.o
  CC      drivers/usb/core/hcd.o
  AR      drivers/net/ppp/built-in.a
  CC      drivers/net/dummy.o
  CC      drivers/net/ifb.o
  AR      drivers/usb/common/built-in.a
  CC      drivers/usb/phy/phy.o
  AR      net/mac802154/built-in.a
  AR      net/built-in.a
  CC      drivers/net/usb/asix_devices.o
  CC      drivers/net/usb/asix_common.o
  CC      drivers/net/mii.o
  CC      drivers/usb/core/urb.o
  CC      drivers/usb/core/message.o
  CC      drivers/usb/phy/of.o
  CC      drivers/net/Space.o
  CC      drivers/net/usb/ax88172a.o
  CC      drivers/usb/core/driver.o
  CC      drivers/usb/core/config.o
  CC      drivers/net/usb/ax88179_178a.o
  CC      drivers/net/loopback.o
  CC      drivers/net/tun.o
  CC      drivers/net/usb/cdc_ether.o
  CC      drivers/usb/dwc3/core.o
  AR      drivers/usb/phy/built-in.a
  CC      drivers/usb/host/pci-quirks.o
  CC      drivers/net/veth.o
  CC      drivers/usb/core/file.o
  CC      drivers/net/usb/cdc_eem.o
  CC      drivers/usb/dwc3/trace.o
  CC      drivers/usb/core/buffer.o
  CC      drivers/usb/core/sysfs.o
  CC      drivers/usb/host/ehci-hcd.o
  CC      drivers/usb/host/ehci-pci.o
  CC      drivers/usb/host/ehci-platform.o
  CC      drivers/net/usb/usbnet.o
  CC      drivers/usb/core/endpoint.o
  CC      drivers/usb/core/devio.o
  CC      drivers/usb/dwc3/host.o
  CC      drivers/usb/host/xhci.o
  CC      drivers/usb/dwc3/gadget.o
  CC      drivers/usb/host/xhci-mem.o
  CC      drivers/usb/core/notify.o
  CC      drivers/usb/dwc3/ep0.o
  CC      drivers/net/usb/cdc_ncm.o
  CC      drivers/usb/core/generic.o
  CC      drivers/usb/dwc3/drd.o
  CC      drivers/usb/core/quirks.o
  CC      drivers/usb/host/xhci-ext-caps.o
  CC      drivers/usb/host/xhci-ring.o
  CC      drivers/usb/host/xhci-hub.o
  CC      drivers/usb/dwc3/debugfs.o
  CC      drivers/usb/core/devices.o
  CC      drivers/usb/dwc3/dwc3-haps.o
  CC      drivers/usb/dwc3/dwc3-of-simple.o
  CC      drivers/net/usb/aqc111.o
  CC      drivers/usb/class/cdc-acm.o
  CC      drivers/usb/core/phy.o
  CC      drivers/usb/host/xhci-dbg.o
  CC      drivers/usb/dwc3/dwc3-qcom.o
  CC      drivers/usb/host/xhci-trace.o
  CC      drivers/usb/host/xhci-debugfs.o
  AR      drivers/usb/class/built-in.a
  CC      drivers/usb/storage/uas.o
  AR      drivers/net/usb/built-in.a
  CC      drivers/usb/core/port.o
  AR      drivers/net/built-in.a
  CC      drivers/usb/storage/scsiglue.o
  CC      drivers/usb/host/xhci-pci.o
  CC      drivers/usb/core/of.o
  AR      drivers/usb/dwc3/built-in.a
  AR      drivers/usb/misc/built-in.a
  CC      drivers/usb/gadget/udc/core.o
  CC      drivers/usb/host/xhci-pci-renesas.o
  CC      drivers/usb/core/hcd-pci.o
  CC      drivers/usb/storage/protocol.o
  CC      drivers/usb/gadget/function/f_acm.o
  CC      drivers/usb/storage/transport.o
  CC      drivers/usb/gadget/function/u_serial.o
  CC      drivers/usb/host/xhci-plat.o
  CC      drivers/usb/gadget/udc/trace.o
  AR      drivers/usb/core/built-in.a
  AR      drivers/usb/typec/altmodes/built-in.a
  CC      drivers/usb/typec/tcpm/tcpm.o
  CC      drivers/input/serio/serio.o
  CC      drivers/input/serio/serport.o
  CC      drivers/input/serio/libps2.o
  CC      drivers/usb/storage/usb.o
  CC      drivers/usb/gadget/function/f_serial.o
  CC      drivers/usb/typec/tcpm/tcpci.o
  CC      drivers/usb/gadget/udc/dummy_hcd.o
  AR      drivers/input/serio/built-in.a
  CC      drivers/usb/storage/initializers.o
  AR      drivers/usb/host/built-in.a
  CC      drivers/usb/roles/class.o
  CC      drivers/usb/storage/sierra_ms.o
  CC      drivers/usb/gadget/function/u_ether.o
  CC      drivers/usb/storage/option_ms.o
  CC      drivers/usb/storage/usual-tables.o
  CC      drivers/usb/gadget/function/f_ncm.o
  AR      drivers/usb/typec/tcpm/built-in.a
  AR      drivers/usb/gadget/udc/built-in.a
  CC      drivers/usb/typec/ucsi/ucsi.o
  CC      drivers/usb/typec/ucsi/trace.o
  CC      drivers/input/keyboard/atkbd.o
  AR      drivers/usb/roles/built-in.a
  CC      drivers/input/keyboard/gpio_keys.o
  CC      drivers/usb/gadget/function/f_ecm.o
  AR      drivers/usb/storage/built-in.a
  CC      drivers/usb/gadget/function/f_eem.o
  CC      drivers/usb/gadget/function/f_rndis.o
  CC      drivers/usb/gadget/function/rndis.o
  CC      drivers/usb/gadget/function/f_mass_storage.o
  AR      drivers/input/keyboard/built-in.a
  AR      drivers/input/mouse/built-in.a
  CC      drivers/input/joystick/xpad.o
  CC      drivers/rtc/lib.o
  CC      drivers/usb/typec/ucsi/psy.o
  CC      drivers/rtc/systohc.o
  CC      drivers/i2c/algos/i2c-algo-bit.o
  AR      drivers/usb/typec/ucsi/built-in.a
  AR      drivers/usb/typec/mux/built-in.a
  CC      drivers/usb/typec/class.o
  AR      drivers/input/joystick/built-in.a
  CC      drivers/input/touchscreen/of_touchscreen.o
  CC      drivers/usb/gadget/function/storage_common.o
  CC      drivers/rtc/class.o
  CC      drivers/usb/gadget/function/f_fs.o
  CC      drivers/usb/gadget/function/u_audio.o
  CC      drivers/usb/gadget/function/f_uac2.o
  AR      drivers/i2c/algos/built-in.a
  AR      drivers/i2c/busses/built-in.a
  AR      drivers/i2c/muxes/built-in.a
  AR      drivers/input/touchscreen/built-in.a
  CC      drivers/i2c/i2c-boardinfo.o
  CC      drivers/input/misc/uinput.o
  CC      drivers/usb/typec/mux.o
  CC      drivers/rtc/interface.o
  CC      drivers/usb/gadget/function/f_uvc.o
  CC      drivers/usb/gadget/function/uvc_queue.o
  CC      drivers/usb/typec/bus.o
  AR      drivers/input/misc/built-in.a
  CC      drivers/input/input.o
  CC      drivers/i2c/i2c-core-base.o
  CC      drivers/i2c/i2c-core-smbus.o
  CC      drivers/usb/gadget/function/uvc_v4l2.o
  CC      drivers/input/input-compat.o
  CC      drivers/usb/gadget/function/uvc_video.o
  CC      drivers/rtc/nvmem.o
  AR      drivers/usb/typec/built-in.a
  CC      drivers/rtc/dev.o
  CC      drivers/input/input-mt.o
  CC      drivers/input/input-poller.o
  CC      drivers/i2c/i2c-core-of.o
  CC      drivers/input/ff-core.o
  CC      drivers/usb/gadget/function/uvc_configfs.o
  CC      drivers/input/ff-memless.o
  CC      drivers/input/input-leds.o
  CC      drivers/rtc/proc.o
  CC      drivers/input/evdev.o
  CC      drivers/rtc/sysfs.o
  CC      drivers/rtc/rtc-pl030.o
  CC      drivers/rtc/rtc-pl031.o
  AR      drivers/i2c/built-in.a
  CC      drivers/i3c/device.o
  AR      drivers/i3c/master/built-in.a
  CC      drivers/i3c/master.o
  CC      drivers/usb/gadget/function/f_midi.o
  CC      drivers/usb/gadget/function/f_hid.o
  AR      drivers/input/built-in.a
  CC      drivers/media/i2c/ir-kbd-i2c.o
  AR      drivers/media/tuners/built-in.a
  AR      drivers/ptp/built-in.a
  CC      drivers/media/mc/mc-device.o
  CC      drivers/media/v4l2-core/v4l2-dev.o
  AR      drivers/rtc/built-in.a
  AR      drivers/usb/gadget/legacy/built-in.a
  CC      drivers/power/reset/hisi-reboot.o
  CC      drivers/usb/gadget/function/f_accessory.o
  AR      drivers/power/supply/mediatek/built-in.a
  CC      drivers/usb/gadget/function/f_audio_source.o
  CC      drivers/power/supply/power_supply_core.o
  AR      drivers/i3c/built-in.a
  AR      drivers/thermal/broadcom/built-in.a
  AR      drivers/thermal/samsung/built-in.a
  AR      drivers/thermal/intel/built-in.a
  AR      drivers/thermal/st/built-in.a
  AR      drivers/thermal/tegra/built-in.a
  CC      drivers/thermal/thermal_core.o
  AR      drivers/media/i2c/built-in.a
  CC      drivers/power/supply/power_supply_sysfs.o
  AR      drivers/power/reset/built-in.a
  CC      drivers/power/supply/power_supply_leds.o
  AR      drivers/media/rc/keymaps/built-in.a
  CC      drivers/media/rc/rc-main.o
  CC      drivers/media/mc/mc-devnode.o
  CC      drivers/thermal/thermal_sysfs.o
  CC      drivers/media/v4l2-core/v4l2-ioctl.o
  CC      drivers/media/v4l2-core/v4l2-device.o
  AR      drivers/power/supply/built-in.a
  AR      drivers/power/built-in.a
  CC      drivers/watchdog/watchdog_core.o
  AR      drivers/usb/gadget/function/built-in.a
  CC      drivers/usb/gadget/usbstring.o
  CC      drivers/usb/gadget/config.o
  CC      drivers/media/mc/mc-entity.o
  CC      drivers/thermal/thermal_helpers.o
  CC      drivers/media/rc/rc-ir-raw.o
  CC      drivers/watchdog/watchdog_dev.o
  CC      drivers/media/v4l2-core/v4l2-fh.o
  CC      drivers/usb/gadget/epautoconf.o
  CC      drivers/media/v4l2-core/v4l2-event.o
  CC      drivers/thermal/thermal_netlink.o
  CC      drivers/media/mc/mc-request.o
  CC      drivers/usb/gadget/composite.o
  AR      drivers/watchdog/built-in.a
  CC      drivers/media/mc/mc-dev-allocator.o
  CC      drivers/media/rc/lirc_dev.o
  CC      drivers/thermal/thermal_of.o
  CC      drivers/media/v4l2-core/v4l2-ctrls.o
  CC      drivers/media/v4l2-core/v4l2-subdev.o
  CC      drivers/usb/gadget/functions.o
  CC      drivers/usb/gadget/configfs.o
  AR      drivers/media/mc/built-in.a
  CC      drivers/media/cec/core/cec-core.o
  CC      drivers/thermal/gov_step_wise.o
  CC      drivers/media/rc/keymaps/rc-cec.o
  CC      drivers/media/cec/core/cec-adap.o
  CC      drivers/usb/gadget/u_f.o
  CC      drivers/media/v4l2-core/v4l2-clk.o
  CC      drivers/thermal/gov_user_space.o
  CC      drivers/media/rc/bpf-lirc.o
  CC      drivers/media/v4l2-core/v4l2-async.o
  CC      drivers/thermal/gov_power_allocator.o
  CC      drivers/media/cec/core/cec-api.o
  CC      drivers/thermal/cpufreq_cooling.o
  CC      drivers/thermal/devfreq_cooling.o
  AR      drivers/usb/gadget/built-in.a
  CC      drivers/media/cec/core/cec-notifier.o
  AR      drivers/usb/built-in.a
  CC      drivers/md/dm-uevent.o
  CC      drivers/md/dm.o
  AR      drivers/media/rc/built-in.a
  CC      drivers/bluetooth/hci_ldisc.o
  CC      drivers/media/cec/core/cec-pin.o
  CC      drivers/media/v4l2-core/v4l2-common.o
  CC      drivers/thermal/hisi_thermal.o
  CC      drivers/md/dm-table.o
  AR      drivers/media/common/b2c2/built-in.a
  AR      drivers/media/common/saa7146/built-in.a
  AR      drivers/media/common/siano/built-in.a
  AR      drivers/media/common/v4l2-tpg/built-in.a
  CC      drivers/media/common/videobuf2/videobuf2-core.o
  CC      drivers/media/common/videobuf2/vb2-trace.o
  AR      drivers/thermal/built-in.a
  AR      drivers/media/cec/core/built-in.a
  CC      drivers/md/dm-target.o
  AR      drivers/media/cec/i2c/built-in.a
  AR      drivers/media/cec/platform/built-in.a
  AR      drivers/media/cec/usb/built-in.a
  AR      drivers/media/cec/built-in.a
  AR      drivers/media/platform/ti-vpe/built-in.a
  CC      drivers/media/v4l2-core/v4l2-compat-ioctl32.o
  AR      drivers/media/platform/stm32/built-in.a
  AR      drivers/media/platform/davinci/built-in.a
  AR      drivers/media/platform/omap/built-in.a
  CC      drivers/media/v4l2-core/v4l2-trace.o
  AR      drivers/media/platform/sunxi/sun4i-csi/built-in.a
  AR      drivers/media/platform/sunxi/sun6i-csi/built-in.a
  AR      drivers/media/platform/sunxi/sun8i-di/built-in.a
  AR      drivers/media/platform/sunxi/sun8i-rotate/built-in.a
  AR      drivers/media/platform/sunxi/built-in.a
  CC      drivers/bluetooth/hci_serdev.o
  AR      drivers/media/platform/mtk-isp/camsys/isp7_1/cam/built-in.a
  AR      drivers/media/platform/mtk-isp/camsys/isp7_1/built-in.a
  AR      drivers/media/platform/mtk-isp/camsys/built-in.a
"imgsys, subdir-ccflags-y = -DWPE_TF_DUMP_71_1"
"imgsys, subdir-ccflags-y = -DTF_DUMP_71_1"
  AR      drivers/media/platform/mtk-isp/built-in.a
  AR      drivers/media/platform/built-in.a
  CC      drivers/media/v4l2-core/v4l2-mc.o
  CC      drivers/media/common/videobuf2/videobuf2-v4l2.o
  CC      drivers/media/common/videobuf2/videobuf2-memops.o
  CC      drivers/md/dm-linear.o
  CC      drivers/media/common/videobuf2/videobuf2-vmalloc.o
  CC      drivers/md/dm-stripe.o
  CC      drivers/media/v4l2-core/v4l2-spi.o
  CC      drivers/media/common/videobuf2/videobuf2-dma-contig.o
  CC      drivers/media/v4l2-core/v4l2-i2c.o
  CC      drivers/bluetooth/hci_h4.o
  CC      drivers/media/common/videobuf2/videobuf2-dma-sg.o
  CC      drivers/media/v4l2-core/v4l2-dv-timings.o
  CC      drivers/media/v4l2-core/v4l2-mem2mem.o
  CC      drivers/md/dm-ioctl.o
  CC      drivers/md/dm-io.o
  CC      drivers/bluetooth/hci_ll.o
  CC      drivers/bluetooth/hci_bcm.o
  CC      drivers/md/dm-kcopyd.o
  AR      drivers/media/common/videobuf2/built-in.a
  AR      drivers/media/common/built-in.a
  CC      drivers/bluetooth/hci_qca.o
  AR      drivers/media/v4l2-core/built-in.a
  AR      drivers/media/pci/ttpci/built-in.a
  AR      drivers/media/pci/b2c2/built-in.a
  AR      drivers/media/pci/pluto2/built-in.a
  AR      drivers/media/pci/dm1105/built-in.a
  AR      drivers/media/usb/ttusb-dec/built-in.a
  AR      drivers/media/pci/pt1/built-in.a
  AR      drivers/media/usb/ttusb-budget/built-in.a
  AR      drivers/media/pci/pt3/built-in.a
  AR      drivers/media/usb/dvb-usb/built-in.a
  AR      drivers/media/pci/mantis/built-in.a
  AR      drivers/media/pci/ngene/built-in.a
  AR      drivers/media/usb/dvb-usb-v2/built-in.a
  AR      drivers/media/usb/siano/built-in.a
  AR      drivers/media/pci/ddbridge/built-in.a
  AR      drivers/media/usb/b2c2/built-in.a
  AR      drivers/media/pci/saa7146/built-in.a
  AR      drivers/media/usb/zr364xx/built-in.a
  AR      drivers/media/pci/smipcie/built-in.a
  AR      drivers/media/pci/netup_unidvb/built-in.a
  CC      drivers/bluetooth/btsdio.o
  AR      drivers/media/usb/stkwebcam/built-in.a
  AR      drivers/media/pci/intel/ipu3/built-in.a
  AR      drivers/media/pci/intel/built-in.a
  AR      drivers/media/usb/s2255/built-in.a
  CC      drivers/media/usb/uvc/uvc_driver.o
  AR      drivers/media/pci/built-in.a
  CC      drivers/media/usb/uvc/uvc_queue.o
  AR      drivers/media/mmc/siano/built-in.a
  AR      drivers/media/mmc/built-in.a
  AR      drivers/media/firewire/built-in.a
  CC      drivers/bluetooth/btbcm.o
  CC      drivers/bluetooth/btqca.o
  CC      drivers/media/usb/uvc/uvc_v4l2.o
  CC      drivers/md/dm-sysfs.o
  CC      drivers/md/dm-stats.o
  CC      drivers/media/usb/gspca/gspca.o
  CC      drivers/media/usb/gspca/autogain_functions.o
  CC      drivers/media/usb/uvc/uvc_video.o
  CC      drivers/media/usb/uvc/uvc_ctrl.o
  CC      drivers/media/usb/uvc/uvc_status.o
  CC      drivers/media/usb/uvc/uvc_isight.o
  CC      drivers/md/dm-rq.o
  AR      drivers/bluetooth/built-in.a
  CC      drivers/md/dm-builtin.o
  CC      drivers/media/usb/uvc/uvc_debugfs.o
  CC      drivers/media/usb/uvc/uvc_metadata.o
  CC      drivers/media/usb/uvc/uvc_entity.o
  CC      drivers/md/dm-bufio.o
  AR      drivers/media/usb/gspca/built-in.a
  CC      drivers/md/dm-crypt.o
  CC      drivers/md/dm-default-key.o
  CC      drivers/md/dm-snap.o
  CC      drivers/md/dm-exception-store.o
  AR      drivers/media/usb/uvc/built-in.a
  AR      drivers/media/usb/built-in.a
  AR      drivers/media/spi/built-in.a
  AR      drivers/media/test-drivers/built-in.a
  AR      drivers/media/radio/built-in.a
  AR      drivers/media/built-in.a
  CC      drivers/edac/edac_mc.o
  CC      drivers/md/dm-snap-transient.o
  CC      drivers/md/dm-snap-persistent.o
  CC      drivers/opp/core.o
  CC      drivers/md/dm-verity-fec.o
  CC      drivers/md/dm-verity-target.o
  CC      drivers/md/dm-bow.o
  CC      drivers/md/dm-user.o
  CC      drivers/edac/edac_device.o
  CC      drivers/edac/edac_mc_sysfs.o
  CC      drivers/opp/cpu.o
  CC      drivers/opp/of.o
  CC      drivers/edac/edac_module.o
  CC      drivers/edac/edac_device_sysfs.o
  CC      drivers/edac/wq.o
  CC      drivers/edac/edac_pci.o
  AR      drivers/md/built-in.a
  CC      drivers/cpufreq/cpufreq.o
  CC      drivers/opp/debugfs.o
  CC      drivers/edac/edac_pci_sysfs.o
  CC      drivers/cpuidle/governors/menu.o
  CC      drivers/cpuidle/governors/teo.o
  AR      drivers/opp/built-in.a
  CC      drivers/mmc/core/core.o
  CC      drivers/mmc/core/bus.o
  CC      drivers/mmc/host/sdhci.o
  CC      drivers/cpufreq/freq_table.o
  CC      drivers/cpufreq/cpufreq_stats.o
  AR      drivers/cpuidle/governors/built-in.a
  CC      drivers/cpuidle/cpuidle.o
  AR      drivers/edac/built-in.a
  CC      drivers/cpuidle/driver.o
  CC      drivers/leds/trigger/ledtrig-timer.o
  CC      drivers/cpufreq/cpufreq_times.o
  CC      drivers/cpufreq/cpufreq_performance.o
  CC      drivers/cpufreq/cpufreq_powersave.o
  CC      drivers/mmc/core/host.o
  CC      drivers/cpuidle/governor.o
  CC      drivers/leds/trigger/ledtrig-transient.o
  CC      drivers/cpufreq/cpufreq_conservative.o
  CC      drivers/leds/led-core.o
  CC      drivers/mmc/host/sdhci-pltfm.o
  CC      drivers/cpufreq/cpufreq_governor.o
  CC      drivers/cpufreq/cpufreq_governor_attr_set.o
  AR      drivers/leds/trigger/built-in.a
  CC      drivers/cpufreq/scmi-cpufreq.o
  CC      drivers/cpufreq/scpi-cpufreq.o
  CC      drivers/cpuidle/sysfs.o
  CC      drivers/mmc/core/mmc.o
  CC      drivers/leds/led-class.o
  CC      drivers/mmc/core/mmc_ops.o
  CC      drivers/mmc/core/sd.o
  CC      drivers/cpuidle/dt_idle_states.o
  CC      drivers/cpuidle/cpuidle-arm.o
  AR      drivers/mmc/host/built-in.a
  CC      drivers/leds/led-class-flash.o
  AR      drivers/cpufreq/built-in.a
  CC      drivers/cpuidle/cpuidle-psci.o
  CC      drivers/cpuidle/cpuidle-psci-domain.o
  CC      drivers/mmc/core/sd_ops.o
  CC      drivers/mmc/core/sdio.o
  CC      drivers/mmc/core/sdio_ops.o
  CC      drivers/leds/led-class-multicolor.o
  CC      drivers/mmc/core/sdio_bus.o
  CC      drivers/leds/led-triggers.o
  CC      drivers/mmc/core/sdio_cis.o
  AR      drivers/cpuidle/built-in.a
  CC      drivers/firmware/arm_scmi/bus.o
  AR      drivers/firmware/broadcom/built-in.a
  AR      drivers/firmware/meson/built-in.a
  CC      drivers/mmc/core/sdio_io.o
  CC      drivers/mmc/core/sdio_irq.o
  CC      drivers/firmware/efi/efi.o
  AR      drivers/crypto/allwinner/built-in.a
  AR      drivers/crypto/hisilicon/built-in.a
  AR      drivers/crypto/built-in.a
  AR      drivers/firmware/imx/built-in.a
  CC      drivers/firmware/psci/psci.o
  AR      drivers/leds/built-in.a
  CC      drivers/firmware/smccc/smccc.o
  CC      drivers/firmware/smccc/soc_id.o
  CC      drivers/firmware/arm_scmi/driver.o
  CC      drivers/firmware/arm_scmi/notify.o
  AR      drivers/firmware/smccc/built-in.a
  AR      drivers/firmware/tegra/built-in.a
  CC      drivers/firmware/arm_scmi/base.o
  CC      drivers/firmware/efi/vars.o
  AR      drivers/firmware/psci/built-in.a
  AR      drivers/firmware/xilinx/built-in.a
  CC      drivers/firmware/arm_scpi.o
  CC      drivers/mmc/core/slot-gpio.o
  CC      drivers/mmc/core/regulator.o
  CC      drivers/firmware/efi/libstub/efi-stub-helper.o
  CC      drivers/mmc/core/pwrseq.o
  CC      drivers/mmc/core/debugfs.o
  CC      drivers/firmware/arm_scmi/clock.o
  CC      drivers/firmware/efi/libstub/gop.o
  CC      drivers/firmware/efi/libstub/secureboot.o
  CC      drivers/firmware/efi/libstub/tpm.o
  CC      drivers/mmc/core/crypto.o
  CC      drivers/mmc/core/block.o
  CC      drivers/firmware/arm_scmi/perf.o
  CC      drivers/firmware/arm_scmi/power.o
  CC      drivers/mmc/core/queue.o
  CC      drivers/firmware/efi/libstub/file.o
  CC      drivers/firmware/efi/libstub/mem.o
  CC      drivers/firmware/arm_scmi/reset.o
  CC      drivers/firmware/efi/libstub/random.o
  CC      drivers/firmware/arm_scmi/sensors.o
  CC      drivers/clocksource/timer-of.o
  CC      drivers/hid/usbhid/hid-core.o
  CC      drivers/hid/usbhid/hiddev.o
  CC      drivers/firmware/arm_scmi/system.o
  CC      drivers/firmware/arm_scmi/voltage.o
  CC      drivers/firmware/efi/libstub/randomalloc.o
  AR      drivers/mmc/core/built-in.a
  CC      drivers/firmware/efi/libstub/pci.o
  AR      drivers/mmc/built-in.a
  CC      drivers/of/base.o
  CC      drivers/of/device.o
  CC      drivers/clocksource/timer-probe.o
  CC      drivers/firmware/arm_scmi/shmem.o
  CC      drivers/firmware/arm_scmi/mailbox.o
  CC      drivers/firmware/efi/libstub/skip_spaces.o
  CC      drivers/clocksource/mmio.o
  AR      drivers/hid/usbhid/built-in.a
  CC      drivers/hid/hid-core.o
  CC      drivers/firmware/efi/libstub/lib-cmdline.o
  CC      drivers/hid/hid-input.o
  CC      drivers/of/platform.o
  CC      drivers/hid/hid-quirks.o
  CC      drivers/firmware/efi/libstub/lib-ctype.o
  CC      drivers/firmware/arm_scmi/smc.o
  CC      drivers/clocksource/timer-sun4i.o
  CC      drivers/firmware/efi/libstub/alignedmem.o
  CC      drivers/hid/hid-debug.o
  AR      drivers/firmware/arm_scmi/built-in.a
  CC      drivers/hid/hidraw.o
  CC      drivers/clocksource/timer-mediatek.o
  CC      drivers/hid/uhid.o
  CC      drivers/hid/hid-generic.o
  CC      drivers/firmware/efi/libstub/relocate.o
  CC      drivers/hid/hid-apple.o
  CC      drivers/of/property.o
  CC      drivers/hid/hid-betopff.o
  CC      drivers/clocksource/timer-sprd.o
  CC      drivers/vhost/vsock.o
  CC      drivers/firmware/efi/libstub/vsprintf.o
  CC      drivers/vhost/vhost.o
  CC      drivers/firmware/efi/libstub/efi-stub.o
  CC      drivers/hid/hid-elecom.o
  AR      drivers/staging/media/built-in.a
  AR      drivers/staging/iio/accel/built-in.a
  AR      drivers/staging/iio/adc/built-in.a
  CC      drivers/clocksource/arm_arch_timer.o
  AR      drivers/staging/iio/addac/built-in.a
  AR      drivers/staging/iio/cdc/built-in.a
  AR      drivers/staging/iio/frequency/built-in.a
  AR      drivers/staging/iio/impedance-analyzer/built-in.a
  CC      drivers/clocksource/timer-sp804.o
  AR      drivers/staging/iio/meter/built-in.a
  AR      drivers/staging/iio/resolver/built-in.a
  AR      drivers/staging/iio/built-in.a
  AR      drivers/staging/android/ion/heaps/built-in.a
  AR      drivers/staging/android/ion/built-in.a
  CC      drivers/staging/android/ashmem.o
  CC      drivers/of/kobj.o
  CC      drivers/hid/hid-lg.o
  CC      drivers/firmware/efi/libstub/fdt.o
  CC      drivers/of/fdt.o
  CC      drivers/hid/hid-lg-g15.o
  AR      drivers/staging/hikey9xx/built-in.a
  CC      drivers/hid/hid-logitech-dj.o
  CC      drivers/clocksource/dummy_timer.o
  CC      drivers/hid/hid-logitech-hidpp.o
  CC      drivers/vhost/iotlb.o
  CC      drivers/firmware/efi/libstub/string.o
  CC      drivers/firmware/efi/libstub/lib-fdt_rw.o
  CC      drivers/staging/android/debug_kinfo.o
  CC      drivers/firmware/efi/libstub/lib-fdt_ro.o
  CC      drivers/firmware/efi/libstub/lib-fdt_wip.o
  AR      drivers/clocksource/built-in.a
  AR      drivers/platform/built-in.a
  CC      drivers/hid/hid-magicmouse.o
  CC      drivers/mailbox/mailbox.o
  CC      drivers/of/fdt_address.o
  AR      drivers/vhost/built-in.a
  CC      drivers/mailbox/hi3660-mailbox.o
  CC      drivers/hwspinlock/hwspinlock_core.o
  CC      drivers/firmware/efi/libstub/lib-fdt.o
  CC      drivers/hid/hid-microsoft.o
  AR      drivers/staging/android/built-in.a
  AR      drivers/staging/built-in.a
  CC      drivers/hid/hid-multitouch.o
  CC      drivers/of/address.o
  CC      drivers/firmware/efi/libstub/lib-fdt_empty_tree.o
  CC      drivers/hid/hid-nintendo.o
  CC      drivers/firmware/efi/libstub/lib-fdt_sw.o
  CC      drivers/hid/hid-prodikeys.o
  CC      drivers/hid/hid-picolcd_core.o
  CC      drivers/mailbox/hi6220-mailbox.o
  CC      drivers/hid/hid-picolcd_debugfs.o
  CC      drivers/firmware/efi/libstub/arm64-stub.o
  AR      drivers/hwspinlock/built-in.a
  CC      drivers/hid/hid-plantronics.o
  CC      drivers/remoteproc/remoteproc_core.o
  STUBCPY drivers/firmware/efi/libstub/alignedmem.stub.o
  STUBCPY drivers/firmware/efi/libstub/efi-stub-helper.stub.o
  CC      drivers/hid/hid-playstation.o
  CC      drivers/remoteproc/remoteproc_coredump.o
  CC      drivers/of/irq.o
  CC      drivers/mailbox/sun6i-msgbox.o
  STUBCPY drivers/firmware/efi/libstub/efi-stub.stub.o
  STUBCPY drivers/firmware/efi/libstub/fdt.stub.o
  STUBCPY drivers/firmware/efi/libstub/file.stub.o
  CC      drivers/hid/hid-roccat.o
  STUBCPY drivers/firmware/efi/libstub/gop.stub.o
  STUBCPY drivers/firmware/efi/libstub/lib-cmdline.stub.o
  STUBCPY drivers/firmware/efi/libstub/lib-ctype.stub.o
  STUBCPY drivers/firmware/efi/libstub/lib-fdt.stub.o
  STUBCPY drivers/firmware/efi/libstub/lib-fdt_empty_tree.stub.o
  STUBCPY drivers/firmware/efi/libstub/lib-fdt_ro.stub.o
  STUBCPY drivers/firmware/efi/libstub/lib-fdt_rw.stub.o
  STUBCPY drivers/firmware/efi/libstub/lib-fdt_sw.stub.o
  STUBCPY drivers/firmware/efi/libstub/lib-fdt_wip.stub.o
  STUBCPY drivers/firmware/efi/libstub/mem.stub.o
  STUBCPY drivers/firmware/efi/libstub/pci.stub.o
  STUBCPY drivers/firmware/efi/libstub/random.stub.o
  STUBCPY drivers/firmware/efi/libstub/randomalloc.stub.o
  STUBCPY drivers/firmware/efi/libstub/relocate.stub.o
  STUBCPY drivers/firmware/efi/libstub/secureboot.stub.o
  STUBCPY drivers/firmware/efi/libstub/skip_spaces.stub.o
  STUBCPY drivers/firmware/efi/libstub/string.stub.o
  STUBCPY drivers/firmware/efi/libstub/tpm.stub.o
  STUBCPY drivers/firmware/efi/libstub/vsprintf.stub.o
  STUBCPY drivers/firmware/efi/libstub/arm64-stub.stub.o
  AR      drivers/firmware/efi/libstub/lib.a
  CC      drivers/firmware/efi/reboot.o
  CC      drivers/hid/hid-roccat-common.o
  AR      drivers/mailbox/built-in.a
  CC      drivers/hid/hid-roccat-arvo.o
  CC      drivers/rpmsg/rpmsg_core.o
  CC      drivers/remoteproc/remoteproc_debugfs.o
  CC      drivers/firmware/efi/memattr.o
  CC      drivers/hid/hid-roccat-isku.o
  CC      drivers/hid/hid-roccat-kone.o
  CC      drivers/of/of_net.o
  CC      drivers/of/of_reserved_mem.o
  CC      drivers/hid/hid-roccat-koneplus.o
  CC      drivers/remoteproc/remoteproc_sysfs.o
  CC      drivers/hid/hid-roccat-konepure.o
  CC      drivers/remoteproc/remoteproc_virtio.o
  CC      drivers/firmware/efi/tpm.o
  CC      drivers/rpmsg/rpmsg_char.o
  CC      drivers/firmware/efi/capsule.o
  CC      drivers/hid/hid-roccat-kovaplus.o
  CC      drivers/hid/hid-roccat-lua.o
  CC      drivers/remoteproc/remoteproc_elf_loader.o
  AR      drivers/of/built-in.a
  AR      drivers/devfreq/event/built-in.a
  CC      drivers/devfreq/devfreq.o
  AR      drivers/rpmsg/built-in.a
  CC      drivers/extcon/extcon.o
  CC      drivers/extcon/devres.o
  CC      drivers/remoteproc/remoteproc_cdev.o
  CC      drivers/devfreq/devfreq-event.o
  CC      drivers/hid/hid-roccat-pyra.o
  CC      drivers/firmware/efi/memmap.o
  CC      drivers/devfreq/governor_simpleondemand.o
  CC      drivers/devfreq/governor_performance.o
  AR      drivers/remoteproc/built-in.a
  AR      drivers/iio/accel/built-in.a
  AR      drivers/iio/adc/built-in.a
  AR      drivers/iio/addac/built-in.a
  AR      drivers/iio/afe/built-in.a
  AR      drivers/iio/amplifiers/built-in.a
  AR      drivers/extcon/built-in.a
  AR      drivers/iio/buffer/built-in.a
  CC      drivers/powercap/dtpm.o
  AR      drivers/iio/chemical/built-in.a
  CC      drivers/hid/hid-roccat-ryos.o
  AR      drivers/iio/common/cros_ec_sensors/built-in.a
  AR      drivers/iio/common/hid-sensors/built-in.a
  AR      drivers/iio/common/ms_sensors/built-in.a
  AR      drivers/iio/common/ssp_sensors/built-in.a
  AR      drivers/iio/common/st_sensors/built-in.a
  AR      drivers/iio/common/built-in.a
  AR      drivers/iio/dac/built-in.a
  AR      drivers/iio/dummy/built-in.a
  AR      drivers/iio/gyro/built-in.a
  AR      drivers/iio/frequency/built-in.a
  AR      drivers/iio/health/built-in.a
  CC      drivers/powercap/powercap_sys.o
  AR      drivers/iio/humidity/built-in.a
  AR      drivers/iio/imu/bmi160/built-in.a
  AR      drivers/iio/imu/inv_icm42600/built-in.a
  AR      drivers/iio/imu/inv_mpu6050/built-in.a
  AR      drivers/iio/imu/st_lsm6dsx/built-in.a
  CC      drivers/devfreq/governor_powersave.o
  AR      drivers/iio/imu/built-in.a
  AR      drivers/iio/light/built-in.a
  AR      drivers/iio/magnetometer/built-in.a
  AR      drivers/iio/multiplexer/built-in.a
  AR      drivers/iio/orientation/built-in.a
  AR      drivers/iio/position/built-in.a
  AR      drivers/iio/potentiometer/built-in.a
  AR      drivers/iio/potentiostat/built-in.a
  CC      drivers/firmware/efi/fdtparams.o
  AR      drivers/iio/pressure/built-in.a
  CC      drivers/devfreq/governor_userspace.o
  AR      drivers/iio/proximity/built-in.a
  AR      drivers/iio/resolver/built-in.a
  AR      drivers/iio/temperature/built-in.a
  CC      drivers/devfreq/governor_passive.o
  AR      drivers/iio/trigger/built-in.a
  CC      drivers/iio/industrialio-core.o
  CC      drivers/iio/industrialio-event.o
  CC      drivers/hid/hid-roccat-savu.o
  CC      drivers/hid/hid-sony.o
  CC      drivers/firmware/efi/esrt.o
  CC      drivers/firmware/efi/efi-pstore.o
  AR      drivers/devfreq/built-in.a
  CC      drivers/firmware/efi/runtime-wrappers.o
  AR      drivers/powercap/built-in.a
  CC      drivers/perf/arm_pmu.o
  CC      drivers/hid/hid-steam.o
  CC      drivers/hid/hid-uclogic-core.o
  CC      drivers/hid/hid-uclogic-rdesc.o
  CC      drivers/iio/inkern.o
  CC      drivers/firmware/efi/efi-init.o
  CC      drivers/hid/hid-uclogic-params.o
  CC      drivers/firmware/efi/arm-runtime.o
  CC      drivers/hid/wacom_wac.o
  CC      drivers/hid/wacom_sys.o
  CC      drivers/perf/arm_pmu_platform.o
  CC      drivers/hid/hid-wiimote-core.o
  CC      drivers/iio/industrialio-buffer.o
  CC      drivers/iio/industrialio-trigger.o
  CC      drivers/firmware/efi/earlycon.o
  CC      drivers/hid/hid-wiimote-modules.o
  AR      drivers/perf/built-in.a
  CC      drivers/ras/ras.o
  AR      drivers/hwtracing/intel_th/built-in.a
  CC      drivers/hid/hid-wiimote-debug.o
  CC      drivers/hwtracing/google/coresight-clk-placeholder.o
  CC      drivers/android/binderfs.o
  AR      drivers/firmware/efi/built-in.a
  AR      drivers/firmware/built-in.a
  CC      drivers/nvmem/core.o
  CC      drivers/gnss/core.o
  CC      drivers/android/binder.o
  AR      drivers/iio/built-in.a
  CC      drivers/interconnect/core.o
  CC      drivers/hwtracing/google/coresight-clk-amba-placeholder.o
  AR      drivers/hid/built-in.a
  CC      drivers/ras/debugfs.o
  CC      drivers/android/binder_alloc.o
  CC      drivers/android/debug_symbols.o
  AR      drivers/nvmem/built-in.a
  AR      drivers/gnss/built-in.a
  CC      drivers/android/vendor_hooks.o
-- KernelSU-Next version: 12490
-- KernelSU-Next Manager signature size: 0x3e6
-- KernelSU-Next Manager signature hash: 79e590113c4c4c0c222978e413a5faa801666957b1212a328e46c00c69821bf7
-- KSU_NEXT: Neither atomic_inc_not_zero nor atomic_long_inc_not_zero found in kernel/cred.c
-- KSU_NEXT: Using  in get_cred_rcu patch.

-- SUSFS_VERSION: v1.5.5
  CC      drivers/kernelsu/ksu.o
  AR      drivers/hwtracing/google/built-in.a
  CC      drivers/kernelsu/allowlist.o
  AR      drivers/ras/built-in.a
  CC      drivers/interconnect/bulk.o
  CC      drivers/kernelsu/apk_sign.o
  CC      drivers/kernelsu/sucompat.o
  CC      drivers/kernelsu/throne_tracker.o
  AR      drivers/interconnect/built-in.a
  CC      drivers/kernelsu/core_hook.o
  CC      drivers/kernelsu/ksud.o
  CC      drivers/kernelsu/embed_ksud.o
  CC      drivers/kernelsu/kernel_compat.o
  CC      drivers/kernelsu/selinux/selinux.o
  CC      drivers/kernelsu/selinux/sepolicy.o
  CC      drivers/kernelsu/selinux/rules.o
  AR      drivers/kernelsu/built-in.a
  AR      drivers/android/built-in.a
  AR      drivers/built-in.a
  GEN     .version
  CHK     include/generated/compile.h
  GEN     .tmp_initcalls.lds
  GEN     .tmp_symversions.lds
  LTO     vmlinux.o
  MODPOST vmlinux.symvers
  MODINFO modules.builtin.modinfo
  GEN     modules.builtin
  LD      .tmp_vmlinux.kallsyms1
  KSYMS   .tmp_vmlinux.kallsyms1.S
  AS      .tmp_vmlinux.kallsyms1.o
  LD      .tmp_vmlinux.kallsyms2
  KSYMS   .tmp_vmlinux.kallsyms2.S
  AS      .tmp_vmlinux.kallsyms2.o
  LD      .tmp_vmlinux.kallsyms3
  KSYMS   .tmp_vmlinux.kallsyms3.S
  AS      .tmp_vmlinux.kallsyms3.o
  LD      vmlinux
  SORTTAB vmlinux
  SYSMAP  System.map
  LTO [M] drivers/char/xlogchar.lto.o
  LTO [M] drivers/misc/mediatek/cam_log/cam_log.lto.o
  LTO [M] net/ipv4/tcp_bic.lto.o
  LTO [M] net/ipv4/tcp_htcp.lto.o
  LTO [M] net/ipv4/tcp_westwood.lto.o
  MODPOST modules-only.symvers
  GEN     Module.symvers
  CC [M]  drivers/char/xlogchar.mod.o
  CC [M]  drivers/misc/mediatek/cam_log/cam_log.mod.o
  CC [M]  net/ipv4/tcp_bic.mod.o
  CC [M]  net/ipv4/tcp_htcp.mod.o
  CC [M]  net/ipv4/tcp_westwood.mod.o
  OBJCOPY arch/arm64/boot/Image
  GZIP    arch/arm64/boot/Image.gz
  LD [M]  net/ipv4/tcp_htcp.ko
  LD [M]  drivers/misc/mediatek/cam_log/cam_log.ko
  LD [M]  net/ipv4/tcp_bic.ko
  LD [M]  net/ipv4/tcp_westwood.ko
  LD [M]  drivers/char/xlogchar.ko
make[1]: Leaving directory '/root/xaga_kernel/kernel/xiaomi/android_kernel_xiaomi_mt6895/out'
